,class,country,countrycode,dead_during_wave,population,si_integral_during_wave,t0_10_dead,tests_during_wave,wave,wave_end,wave_start,class_coarse,si_integral,last_dead_per_10k,last_tests_per_10k,si_response_time,c1_response_time,c2_response_time,c3_response_time,c4_response_time,c5_response_time,c6_response_time,c7_response_time,c8_response_time,h2_response_time,h3_response_time,testing_response_time_1,testing_response_time_10,testing_response_time_100,testing_response_time_1000
0,4.0,Aruba,ABW,45.0,106314.0,14586.725,2020-09-01,0.0,1.0,2020-11-22,2020-03-17,EPI_SECOND_WAVE,27435.510000000002,10.064525838553719,0.0,-156.0,-169.0,-156.0,-156.0,-156.0,,-156.0,-156.0,-168.0,,189.0,,,,
1,4.0,Aruba,ABW,62.0,106314.0,10461.12,2021-01-26,0.0,2.0,2021-07-01,2020-11-22,EPI_SECOND_WAVE,27435.510000000002,10.064525838553719,0.0,-156.0,-169.0,-156.0,-156.0,-156.0,,-156.0,-156.0,-168.0,,189.0,,,,
2,5.0,Afghanistan,AFG,1466.0,38041754.0,13709.214999999998,2020-04-07,0.0,1.0,2020-10-04,2020-02-24,EPI_THIRD_WAVE,20697.815000000002,1.3043562607549588,0.0,-10.0,-24.0,-14.0,-37.0,-2.0,-10.0,-13.0,5.0,488.0,133.0,133.0,,,,
3,5.0,Afghanistan,AFG,980.0,38041754.0,1898.5699999999995,2020-10-09,0.0,2.0,2021-03-04,2020-10-04,EPI_THIRD_WAVE,20697.815000000002,1.3043562607549588,0.0,-10.0,-24.0,-14.0,-37.0,-2.0,-10.0,-13.0,5.0,488.0,133.0,133.0,,,,
4,5.0,Afghanistan,AFG,0.0,38041754.0,5077.535,2021-03-14,0.0,3.0,2021-09-19,2021-03-04,EPI_THIRD_WAVE,20697.815000000002,1.3043562607549588,0.0,-10.0,-24.0,-14.0,-37.0,-2.0,-10.0,-13.0,5.0,488.0,133.0,133.0,,,,
5,3.0,Angola,AGO,511.0,31825295.0,24449.82,2020-06-24,0.0,1.0,2021-02-24,2020-03-21,EPI_SECOND_WAVE,32747.6,0.28279392225586597,0.0,-89.0,-92.0,-89.0,-89.0,-89.0,-89.0,-89.0,-89.0,-96.0,119.0,,,,,
6,3.0,Angola,AGO,0.0,31825295.0,7989.405000000001,2021-03-03,0.0,2.0,2021-09-19,2021-02-24,EPI_SECOND_WAVE,32747.6,0.28279392225586597,0.0,-89.0,-92.0,-89.0,-89.0,-89.0,-89.0,-89.0,-89.0,-96.0,119.0,,,,,
7,4.0,Albania,ALB,1199.0,2854191.0,20268.434999999998,2020-03-30,257508.0,1.0,2021-01-05,2020-03-09,EPI_SECOND_WAVE,32097.04,8.604890142250467,2602.522045651465,-17.0,-21.0,,-21.0,19.0,-17.0,-17.0,-17.0,-7.0,424.0,57.0,-18.0,9.0,105.0,290.0
8,4.0,Albania,ALB,1263.0,2854191.0,9743.100000000002,2021-01-06,488666.5,2.0,2021-07-01,2021-01-05,EPI_SECOND_WAVE,32097.04,8.604890142250467,2602.522045651465,-17.0,-21.0,,-21.0,19.0,-17.0,-17.0,-17.0,-7.0,424.0,57.0,-18.0,9.0,105.0,290.0
9,2.0,Andorra,AND,127.0,77142.0,23497.079999999998,2020-03-31,0.0,1.0,2021-07-01,2020-03-03,EPI_FIRST_WAVE,26998.055,16.46314588680615,0.0,393.0,-15.0,-17.0,98.0,174.0,,393.0,,,18.0,120.0,,,,
10,3.0,United Arab Emirates,ARE,358.0,9770529.0,10572.240000000002,2020-04-05,5982437.5,1.0,2020-08-14,2020-01-29,EPI_SECOND_WAVE,31173.480000000003,1.8535332119683592,59229.559115990545,-13.0,-28.0,,-20.0,-9.0,-1.0,-13.0,-13.0,-11.0,8.0,-64.0,-56.0,-43.0,-19.0,19.0
11,3.0,United Arab Emirates,ARE,0.0,9770529.0,20583.17,2020-08-21,0.0,2.0,2021-09-19,2020-08-14,EPI_SECOND_WAVE,31173.480000000003,1.8535332119683592,59229.559115990545,-13.0,-28.0,,-20.0,-9.0,-1.0,-13.0,-13.0,-11.0,8.0,-64.0,-56.0,-43.0,-19.0,19.0
12,3.0,Argentina,ARG,41534.0,44938712.0,24669.09,2020-03-28,4138092.0,1.0,2020-12-19,2020-03-03,EPI_SECOND_WAVE,45824.535,20.843499030412797,2512.2835073688807,-9.0,-12.0,-9.0,-17.0,-9.0,-5.0,-9.0,-8.0,-12.0,,-24.0,-1.0,24.0,94.0,281.0
13,3.0,Argentina,ARG,0.0,44938712.0,20705.49,2020-12-20,0.0,2.0,2021-09-19,2020-12-19,EPI_SECOND_WAVE,45824.535,20.843499030412797,2512.2835073688807,-9.0,-12.0,-9.0,-17.0,-9.0,-5.0,-9.0,-8.0,-12.0,,-24.0,-1.0,24.0,94.0,281.0
14,6.0,Armenia,ARM,887.0,2957731.0,,2020-04-09,199474.99999999997,1.0,2020-09-03,2020-03-02,EPI_THIRD_WAVE,,15.271841827400802,3863.324622827431,,,,,,,,,,,,-24.0,-9.0,30.0,176.0
15,6.0,Armenia,ARM,2251.0,2957731.0,,2020-09-06,434917.1666666667,2.0,2021-02-11,2020-09-03,EPI_THIRD_WAVE,,15.271841827400802,3863.324622827431,,,,,,,,,,,,-24.0,-9.0,30.0,176.0
16,6.0,Armenia,ARM,1387.0,2957731.0,,2021-02-15,513413.0,3.0,2021-07-01,2021-02-11,EPI_THIRD_WAVE,,15.271841827400802,3863.324622827431,,,,,,,,,,,,-24.0,-9.0,30.0,176.0
17,4.0,Australia,AUS,102.0,25364307.0,6805.104999999998,2020-03-27,1485497.0,1.0,2020-06-13,2020-01-25,EPI_SECOND_WAVE,35244.85,0.3587718757701521,8179.432223399598,-3.0,-3.0,128.0,-9.0,2.0,,6.0,-8.0,-7.0,31.0,-62.0,2.0,2.0,6.0,97.0
18,4.0,Australia,AUS,808.0,25364307.0,23349.260000000002,2020-07-17,19298167.0,2.0,2021-07-01,2020-06-13,EPI_SECOND_WAVE,35244.85,0.3587718757701521,8179.432223399598,-3.0,-3.0,128.0,-9.0,2.0,,6.0,-8.0,-7.0,31.0,-62.0,2.0,2.0,6.0,97.0
19,4.0,Austria,AUT,697.0,8877067.0,6098.525000000001,2020-03-20,454632.0,1.0,2020-06-04,2020-02-26,EPI_SECOND_WAVE,34175.875,11.827104605609037,62159.019414858536,-4.0,242.0,-4.0,-9.0,-4.0,,-4.0,-7.0,,70.0,10.0,13.0,13.0,13.0,133.0
20,4.0,Austria,AUT,9802.0,8877067.0,24322.355,2020-06-12,54732854.0,2.0,2021-07-01,2020-06-04,EPI_SECOND_WAVE,34175.875,11.827104605609037,62159.019414858536,-4.0,242.0,-4.0,-9.0,-4.0,,-4.0,-7.0,,70.0,10.0,13.0,13.0,13.0,133.0
21,6.0,Azerbaijan,AZE,596.0,10023318.0,17762.72,2020-04-12,0.0,1.0,2020-10-06,2020-02-29,EPI_THIRD_WAVE,41479.255000000005,4.962428608969605,549.5246184945943,-24.0,-40.0,-12.0,-29.0,-29.0,70.0,-12.0,-24.0,4.0,224.0,-44.0,382.0,382.0,382.0,382.0
22,6.0,Azerbaijan,AZE,2575.0,10023318.0,9589.015,2020-10-12,0.0,2.0,2021-02-13,2020-10-06,EPI_THIRD_WAVE,41479.255000000005,4.962428608969605,549.5246184945943,-24.0,-40.0,-12.0,-29.0,-29.0,70.0,-12.0,-24.0,4.0,224.0,-44.0,382.0,382.0,382.0,382.0
23,6.0,Azerbaijan,AZE,1807.0,10023318.0,9709.510000000002,2021-02-16,550806.0,3.0,2021-07-01,2021-02-13,EPI_THIRD_WAVE,41479.255000000005,4.962428608969605,549.5246184945943,-24.0,-40.0,-12.0,-29.0,-29.0,70.0,-12.0,-24.0,4.0,224.0,-44.0,382.0,382.0,382.0,382.0
24,6.0,Belgium,BEL,9664.0,11484055.0,8713.744999999999,2020-03-15,1369725.0,1.0,2020-07-08,2020-02-04,EPI_THIRD_WAVE,33325.62,21.92518235065924,13376.829003344203,3.0,379.0,3.0,-1.0,3.0,,3.0,-1.0,5.0,406.0,-18.0,-11.0,-1.0,24.0,98.0
25,6.0,Belgium,BEL,10274.0,11484055.0,10243.194999999998,2020-07-14,5760179.0,2.0,2021-01-05,2020-07-08,EPI_THIRD_WAVE,33325.62,21.92518235065924,13376.829003344203,3.0,379.0,3.0,-1.0,3.0,,3.0,-1.0,5.0,406.0,-18.0,-11.0,-1.0,24.0,98.0
26,6.0,Belgium,BEL,5303.0,11484055.0,10581.749999999998,2021-01-06,8306414.0,3.0,2021-07-01,2021-01-05,EPI_THIRD_WAVE,33325.62,21.92518235065924,13376.829003344203,3.0,379.0,3.0,-1.0,3.0,,3.0,-1.0,5.0,406.0,-18.0,-11.0,-1.0,24.0,98.0
27,4.0,Benin,BEN,41.0,11801151.0,9981.260000000002,2020-06-19,0.0,1.0,2020-10-06,2020-03-17,EPI_SECOND_WAVE,22942.379999999997,0.08812699710392656,0.0,-81.0,-81.0,,-94.0,-81.0,-81.0,,-81.0,-33.0,444.0,-104.0,,,,
28,4.0,Benin,BEN,63.0,11801151.0,9862.814999999999,2021-02-01,0.0,2.0,2021-07-01,2020-10-06,EPI_SECOND_WAVE,22942.379999999997,0.08812699710392656,0.0,-81.0,-81.0,,-94.0,-81.0,-81.0,,-81.0,-33.0,444.0,-104.0,,,,
29,2.0,Burkina Faso,BFA,169.0,20321378.0,17192.739999999998,2020-03-30,0.0,1.0,2021-07-01,2020-03-11,EPI_FIRST_WAVE,18448.265000000003,0.08267155898581287,0.0,-9.0,-14.0,,-18.0,,-7.0,-9.0,-9.0,-9.0,164.0,-21.0,,,,
30,5.0,Bangladesh,BGD,8337.0,163046161.0,27529.445000000007,2020-04-06,3925409.0,1.0,2021-02-19,2020-03-08,EPI_THIRD_WAVE,43871.86,0.8982732196926734,405.52914336940444,-18.0,-21.0,-18.0,-16.0,-18.0,-18.0,-18.0,-18.0,385.0,295.0,345.0,9.0,40.0,153.0,
31,5.0,Bangladesh,BGD,4072.0,163046161.0,7741.3150000000005,2021-02-21,1922564.0,2.0,2021-05-24,2021-02-19,EPI_THIRD_WAVE,43871.86,0.8982732196926734,405.52914336940444,-18.0,-21.0,-18.0,-16.0,-18.0,-18.0,-18.0,-18.0,385.0,295.0,345.0,9.0,40.0,153.0,
32,5.0,Bangladesh,BGD,0.0,163046161.0,7983.014999999998,2021-05-25,0.0,3.0,2021-09-19,2021-05-24,EPI_THIRD_WAVE,43871.86,0.8982732196926734,405.52914336940444,-18.0,-21.0,-18.0,-16.0,-18.0,-18.0,-18.0,-18.0,385.0,295.0,345.0,9.0,40.0,153.0,
33,4.0,Bulgaria,BGR,8811.0,6975761.0,15686.740000000002,2020-04-02,1350332.0,1.0,2021-01-24,2020-03-08,EPI_SECOND_WAVE,26044.31,25.8910819909111,4566.414330995572,-15.0,-20.0,257.0,-20.0,-20.0,,-15.0,-15.0,42.0,458.0,27.0,17.0,17.0,49.0,211.0
34,4.0,Bulgaria,BGR,9262.0,6975761.0,8102.59,2021-01-26,1839568.5,2.0,2021-07-01,2021-01-24,EPI_SECOND_WAVE,26044.31,25.8910819909111,4566.414330995572,-15.0,-20.0,257.0,-20.0,-20.0,,-15.0,-15.0,42.0,458.0,27.0,17.0,17.0,49.0,211.0
35,4.0,Bahrain,BHR,341.0,1641172.0,18154.765,2020-05-14,2329846.0,1.0,2020-12-01,2020-02-24,EPI_SECOND_WAVE,33712.56,8.238015272012927,32303.929752640186,-57.0,-78.0,-49.0,-57.0,-53.0,,126.0,,,-44.0,-81.0,-65.0,-65.0,-56.0,-7.0
36,4.0,Bahrain,BHR,1011.0,1641172.0,11858.705000000002,2020-12-26,2982018.5,2.0,2021-07-01,2020-12-01,EPI_SECOND_WAVE,33712.56,8.238015272012927,32303.929752640186,-57.0,-78.0,-49.0,-57.0,-53.0,,126.0,,,-44.0,-81.0,-65.0,-65.0,-56.0,-7.0
37,3.0,Bahamas,BHS,182.0,389482.0,22528.48,2020-04-25,0.0,1.0,2020-12-28,2020-03-17,EPI_SECOND_WAVE,39127.725000000006,6.316081359343949,0.0,-36.0,-40.0,-36.0,-36.0,-36.0,-36.0,-36.0,-32.0,-32.0,380.0,-42.0,,,,
38,3.0,Bahamas,BHS,0.0,389482.0,16165.775000000001,2021-02-13,0.0,2.0,2021-09-19,2020-12-28,EPI_SECOND_WAVE,39127.725000000006,6.316081359343949,0.0,-36.0,-40.0,-36.0,-36.0,-36.0,-36.0,-36.0,-32.0,-32.0,380.0,-42.0,,,,
39,4.0,Bosnia and Herzegovina,BIH,4892.0,3301000.0,19226.450000000004,2020-03-31,657344.25,1.0,2021-02-14,2020-03-05,EPI_SECOND_WAVE,27442.375,29.22447743108149,3537.3916994850047,-14.0,-20.0,-14.0,-14.0,-13.0,-14.0,-11.0,-11.0,41.0,477.0,,2.0,2.0,33.0,219.0
40,4.0,Bosnia and Herzegovina,BIH,4766.0,3301000.0,5721.2300000000005,2021-02-16,513171.25,2.0,2021-07-01,2021-02-14,EPI_SECOND_WAVE,27442.375,29.22447743108149,3537.3916994850047,-14.0,-20.0,-14.0,-14.0,-13.0,-14.0,-11.0,-11.0,41.0,477.0,,2.0,2.0,33.0,219.0
41,4.0,Belarus,BLR,599.0,9466856.0,2399.415000000001,2020-04-07,1459909.7272727273,1.0,2020-08-14,2020-02-29,EPI_SECOND_WAVE,13557.92,3.320004022454762,6680.020800992431,,,,,376.0,,,,205.0,13.0,2.0,-26.0,-26.0,12.0,81.0
42,4.0,Belarus,BLR,2548.0,9466856.0,8833.6,2020-08-17,4870825.590909091,2.0,2021-07-01,2020-08-14,EPI_SECOND_WAVE,13557.92,3.320004022454762,6680.020800992431,,,,,376.0,,,,205.0,13.0,2.0,-26.0,-26.0,12.0,81.0
43,2.0,Belize,BLZ,329.0,390353.0,32459.1,2020-08-26,28394.5,1.0,2021-07-01,2020-03-24,EPI_FIRST_WAVE,36827.305,8.428268772111396,727.4057071419971,-147.0,-159.0,-147.0,-163.0,-103.0,,-121.0,-147.0,-159.0,,-154.0,273.0,273.0,273.0,273.0
44,2.0,Bermuda,BMU,33.0,63918.0,25690.550000000003,2020-12-28,0.0,1.0,2021-07-01,2020-03-18,EPI_FIRST_WAVE,28012.01,5.16286492067962,0.0,-268.0,-283.0,-268.0,-268.0,-268.0,-284.0,-268.0,-268.0,-283.0,-233.0,-334.0,,,,
45,5.0,Bolivia,BOL,8957.0,11513100.0,23151.199999999997,2020-04-05,364041.0,1.0,2020-12-02,2020-03-11,EPI_THIRD_WAVE,32922.814999999995,14.506952949249117,1596.927413120706,-19.0,-24.0,-14.0,-24.0,-19.0,-20.0,-19.0,-15.0,-5.0,433.0,,-1.0,35.0,104.0,389.0
46,5.0,Bolivia,BOL,3364.0,11513100.0,3779.0399999999995,2020-12-04,563353.0,2.0,2021-04-05,2020-12-02,EPI_THIRD_WAVE,32922.814999999995,14.506952949249117,1596.927413120706,-19.0,-24.0,-14.0,-24.0,-19.0,-20.0,-19.0,-15.0,-5.0,433.0,,-1.0,35.0,104.0,389.0
47,5.0,Bolivia,BOL,0.0,11513100.0,5984.234999999999,2021-04-07,0.0,3.0,2021-09-19,2021-04-05,EPI_THIRD_WAVE,32922.814999999995,14.506952949249117,1596.927413120706,-19.0,-24.0,-14.0,-24.0,-19.0,-20.0,-19.0,-15.0,-5.0,433.0,,-1.0,35.0,104.0,389.0
48,2.0,Brazil,BRA,515985.0,211049527.0,32859.22499999999,2020-03-21,0.0,1.0,2021-07-01,2020-02-26,EPI_FIRST_WAVE,36301.865000000005,24.448526719512618,0.0,-3.0,-9.0,-4.0,-9.0,36.0,0.0,45.0,-4.0,6.0,,11.0,,,,
49,2.0,Barbados,BRB,47.0,287025.0,27984.809999999998,2021-01-26,0.0,1.0,2021-07-01,2020-03-18,EPI_FIRST_WAVE,32746.89,1.637488023691316,0.0,-304.0,-313.0,-304.0,-315.0,-298.0,,-298.0,-304.0,,62.0,-312.0,,,,
50,3.0,Botswana,BWA,31.0,2303697.0,15508.509999999997,2020-09-13,0.0,1.0,2020-12-05,2020-04-01,EPI_SECOND_WAVE,33152.145,4.883454725165679,0.0,-172.0,-178.0,-164.0,-181.0,-164.0,,-164.0,-164.0,-178.0,261.0,1.0,,,,
51,3.0,Botswana,BWA,0.0,2303697.0,15865.749999999996,2021-01-03,0.0,2.0,2021-09-19,2020-12-05,EPI_SECOND_WAVE,33152.145,4.883454725165679,0.0,-172.0,-178.0,-164.0,-181.0,-164.0,,-164.0,-164.0,-178.0,261.0,1.0,,,,
52,4.0,Central African Republic,CAF,63.0,4745185.0,15739.804999999997,2020-06-17,0.0,1.0,2021-03-01,2020-03-14,EPI_SECOND_WAVE,18227.505,0.20652514074793712,0.0,-83.0,-83.0,,-83.0,,,-40.0,-83.0,-83.0,,69.0,,,,
53,4.0,Central African Republic,CAF,35.0,4745185.0,1627.6350000000004,2021-04-06,0.0,2.0,2021-07-01,2021-03-01,EPI_SECOND_WAVE,18227.505,0.20652514074793712,0.0,-83.0,-83.0,,-83.0,,,-40.0,-83.0,-83.0,,69.0,,,,
54,6.0,Canada,CAN,8749.0,37589262.0,8536.044999999998,2020-03-21,3353395.0,1.0,2020-07-11,2020-01-26,EPI_THIRD_WAVE,37976.88,6.989496095986135,9782.05664160153,-3.0,-5.0,-3.0,-9.0,2.0,,294.0,-1.0,-3.0,,132.0,-11.0,-2.0,27.0,121.0
55,6.0,Canada,CAN,13257.0,37589262.0,15875.644999999997,2020-07-12,21322236.0,2.0,2021-03-02,2020-07-11,EPI_THIRD_WAVE,37976.88,6.989496095986135,9782.05664160153,-3.0,-5.0,-3.0,-9.0,2.0,,294.0,-1.0,-3.0,,132.0,-11.0,-2.0,27.0,121.0
56,6.0,Canada,CAN,4313.0,37589262.0,8974.335,2021-03-03,12222922.0,3.0,2021-07-01,2021-03-02,EPI_THIRD_WAVE,37976.88,6.989496095986135,9782.05664160153,-3.0,-5.0,-3.0,-9.0,2.0,,294.0,-1.0,-3.0,,132.0,-11.0,-2.0,27.0,121.0
57,4.0,Switzerland,CHE,1727.0,8574832.0,6272.190000000001,2020-03-13,85734.0,1.0,2020-06-12,2020-02-24,EPI_SECOND_WAVE,29082.480000000003,12.064376304981835,9224.017450137799,4.0,3.0,4.0,-17.0,4.0,,,,,90.0,59.0,71.0,74.0,92.0,187.0
58,4.0,Switzerland,CHE,8618.0,8574832.0,19360.505,2020-07-11,7830143.0,2.0,2021-07-01,2020-06-12,EPI_SECOND_WAVE,29082.480000000003,12.064376304981835,9224.017450137799,4.0,3.0,4.0,-17.0,4.0,,,,,90.0,59.0,71.0,74.0,92.0,187.0
59,3.0,Chile,CHL,15069.0,18952038.0,20007.214999999997,2020-04-01,5087453.0,1.0,2020-11-23,2020-03-03,EPI_SECOND_WAVE,43085.005000000005,17.17229566551101,8828.215730677619,-7.0,-17.0,-16.0,-16.0,44.0,93.0,-7.0,-7.0,122.0,230.0,-2.0,-7.0,-4.0,31.0,133.0
60,3.0,Chile,CHL,0.0,18952038.0,23077.79,2020-11-24,0.0,2.0,2021-09-19,2020-11-23,EPI_SECOND_WAVE,43085.005000000005,17.17229566551101,8828.215730677619,-7.0,-17.0,-16.0,-16.0,44.0,93.0,-7.0,-7.0,122.0,230.0,-2.0,-7.0,-4.0,31.0,133.0
61,3.0,China,CHN,4645.0,1397715000.0,9284.259999999998,2020-01-22,0.0,1.0,2020-05-29,2020-01-04,EPI_SECOND_WAVE,43951.674999999996,0.03931416633576945,0.0,4.0,4.0,4.0,0.0,0.0,1.0,10.0,1.0,,69.0,-17.0,,,,
62,3.0,China,CHN,0.0,1397715000.0,34667.41499999999,2020-07-22,0.0,2.0,2021-09-19,2020-05-29,EPI_SECOND_WAVE,43951.674999999996,0.03931416633576945,0.0,4.0,4.0,4.0,0.0,0.0,1.0,10.0,1.0,,69.0,-17.0,,,,
63,4.0,Côte d'Ivoire,CIV,128.0,25716544.0,13077.395,2020-04-21,202968.0,1.0,2020-11-17,2020-03-12,EPI_SECOND_WAVE,19441.0,0.12171153324490258,274.87830402094465,-30.0,-36.0,,-33.0,,,,-28.0,-30.0,404.0,86.0,-7.0,37.0,254.0,
64,4.0,Côte d'Ivoire,CIV,185.0,25716544.0,5025.694999999999,2021-01-05,504294.0,2.0,2021-07-01,2020-11-17,EPI_SECOND_WAVE,19441.0,0.12171153324490258,274.87830402094465,-30.0,-36.0,,-33.0,,,,-28.0,-30.0,404.0,86.0,-7.0,37.0,254.0,
65,6.0,Cameroon,CMR,420.0,25876380.0,12352.99,2020-04-09,0.0,1.0,2020-10-07,2020-03-06,EPI_THIRD_WAVE,23254.690000000002,0.5116635325343035,0.0,-5.0,-22.0,,-22.0,,,,,9.0,487.0,,,,,
66,6.0,Cameroon,CMR,31.0,25876380.0,3529.1850000000004,2020-11-10,0.0,2.0,2021-01-16,2020-10-07,EPI_THIRD_WAVE,23254.690000000002,0.5116635325343035,0.0,-5.0,-22.0,,-22.0,,,,,9.0,487.0,,,,,
67,6.0,Cameroon,CMR,873.0,25876380.0,5452.070000000001,2021-01-24,0.0,3.0,2021-07-01,2021-01-16,EPI_THIRD_WAVE,23254.690000000002,0.5116635325343035,0.0,-5.0,-22.0,,-22.0,,,,,9.0,487.0,,,,,
68,6.0,Republic of Congo,COG,98.0,5380508.0,15691.345000000001,2020-05-02,0.0,1.0,2020-10-23,2020-03-15,EPI_THIRD_WAVE,30856.195,0.3085210541458167,0.0,-35.0,-35.0,-35.0,-35.0,346.0,-32.0,-35.0,-35.0,-42.0,,261.0,,,,
69,6.0,Republic of Congo,COG,45.0,5380508.0,8143.96,2021-01-12,0.0,2.0,2021-04-21,2020-10-23,EPI_THIRD_WAVE,30856.195,0.3085210541458167,0.0,-35.0,-35.0,-35.0,-35.0,346.0,-32.0,-35.0,-35.0,-42.0,,261.0,,,,
70,6.0,Republic of Congo,COG,29.0,5380508.0,3738.724999999999,2021-05-03,0.0,3.0,2021-07-01,2021-04-21,EPI_THIRD_WAVE,30856.195,0.3085210541458167,0.0,-35.0,-35.0,-35.0,-35.0,346.0,-32.0,-35.0,-35.0,-42.0,,261.0,,,,
71,3.0,Colombia,COL,60773.0,50339443.0,28294.51,2020-03-31,11541318.0,1.0,2021-03-12,2020-03-06,EPI_SECOND_WAVE,41156.525,21.043935666908354,3882.9913155773297,-6.0,-15.0,-6.0,-19.0,24.0,282.0,-6.0,-6.0,-6.0,,3.0,64.0,64.0,76.0,215.0
72,3.0,Colombia,COL,0.0,50339443.0,12440.335,2021-03-13,0.0,2.0,2021-09-19,2021-03-12,EPI_SECOND_WAVE,41156.525,21.043935666908354,3882.9913155773297,-6.0,-15.0,-6.0,-19.0,24.0,282.0,-6.0,-6.0,-6.0,,3.0,64.0,64.0,76.0,215.0
73,2.0,Comoros,COM,146.0,850886.0,0.0,2021-01-03,0.0,1.0,2021-07-01,2020-05-01,EPI_FIRST_WAVE,,1.7158585286395593,0.0,,,,,,,,,,,,,,,
74,4.0,Cape Verde,CPV,105.0,549935.0,19205.589999999997,2020-06-27,75559.5,1.0,2020-12-10,2020-03-20,EPI_SECOND_WAVE,36576.8,5.200614618091229,4324.047387418513,-91.0,-91.0,-91.0,-103.0,-40.0,,-87.0,-99.0,-100.0,-46.0,-40.0,,,,
75,4.0,Cape Verde,CPV,181.0,549935.0,12041.12,2021-01-12,162626.0,2.0,2021-07-01,2020-12-10,EPI_SECOND_WAVE,36576.8,5.200614618091229,4324.047387418513,-91.0,-91.0,-91.0,-103.0,-40.0,,-87.0,-99.0,-100.0,-46.0,-40.0,,,,
76,3.0,Costa Rica,CRI,2848.0,5047561.0,23729.155,2020-05-18,609369.0,1.0,2021-03-11,2020-03-08,EPI_SECOND_WAVE,34272.905000000006,9.234162796645746,2462.040577617586,-62.0,-62.0,-35.0,-69.0,,-58.0,,-62.0,-62.0,366.0,-117.0,-63.0,-42.0,57.0,260.0
77,3.0,Costa Rica,CRI,0.0,5047561.0,10160.455,2021-03-13,0.0,2.0,2021-09-19,2021-03-11,EPI_SECOND_WAVE,34272.905000000006,9.234162796645746,2462.040577617586,-62.0,-62.0,-35.0,-69.0,,-58.0,,-62.0,-62.0,366.0,-117.0,-63.0,-42.0,57.0,260.0
78,3.0,Cuba,CUB,87.0,11333483.0,10316.265000000001,2020-04-08,237301.0,1.0,2020-07-22,2020-03-13,EPI_SECOND_WAVE,40292.86,1.132926215180276,4542.970594300093,-15.0,-15.0,9.0,-19.0,33.0,-15.0,-15.0,-16.0,9.0,120.0,27.0,-12.0,1.0,57.0,237.0
79,3.0,Cuba,CUB,0.0,11333483.0,29411.32,2020-09-03,0.0,2.0,2021-09-19,2020-07-22,EPI_SECOND_WAVE,40292.86,1.132926215180276,4542.970594300093,-15.0,-15.0,9.0,-19.0,33.0,-15.0,-15.0,-16.0,9.0,120.0,27.0,-12.0,1.0,57.0,237.0
80,5.0,Cyprus,CYP,229.0,1198575.0,23621.24,2020-04-10,2081481.0,1.0,2021-02-22,2020-03-10,EPI_THIRD_WAVE,35083.31,3.1203721085455647,68538.47276974742,-18.0,-28.0,6.0,-31.0,-18.0,-17.0,-17.0,-17.0,-26.0,1.0,6.0,-12.0,-12.0,-3.0,53.0
81,5.0,Cyprus,CYP,145.0,1198575.0,7677.740000000001,2021-03-15,5615005.0,2.0,2021-06-15,2021-02-22,EPI_THIRD_WAVE,35083.31,3.1203721085455647,68538.47276974742,-18.0,-28.0,6.0,-31.0,-18.0,-17.0,-17.0,-17.0,-26.0,1.0,6.0,-12.0,-12.0,-3.0,53.0
82,5.0,Cyprus,CYP,0.0,1198575.0,3717.6699999999996,,0.0,3.0,2021-09-19,2021-06-15,EPI_THIRD_WAVE,35083.31,3.1203721085455647,68538.47276974742,-18.0,-28.0,6.0,-31.0,-18.0,-17.0,-17.0,-17.0,-26.0,1.0,6.0,-12.0,-12.0,-3.0,53.0
83,6.0,Czech Republic,CZE,292.0,10669709.0,4640.324999999999,2020-03-26,0.0,1.0,2020-05-15,2020-03-02,EPI_THIRD_WAVE,30633.664999999997,28.460007672186748,27264.728588192986,-12.0,-15.0,-12.0,-15.0,-3.0,,-11.0,-10.0,-10.0,414.0,-25.0,,,,
84,6.0,Czech Republic,CZE,9127.0,10669709.0,9844.505000000001,2020-05-20,2748714.0,2.0,2020-12-09,2020-05-15,EPI_THIRD_WAVE,30633.664999999997,28.460007672186748,27264.728588192986,-12.0,-15.0,-12.0,-15.0,-3.0,,-11.0,-10.0,-10.0,414.0,-25.0,,,,
85,6.0,Czech Republic,CZE,21044.0,10669709.0,13531.509999999998,2020-12-10,26378493.0,3.0,2021-07-01,2020-12-09,EPI_THIRD_WAVE,30633.664999999997,28.460007672186748,27264.728588192986,-12.0,-15.0,-12.0,-15.0,-3.0,,-11.0,-10.0,-10.0,414.0,-25.0,,,,
86,6.0,Germany,DEU,8791.0,83132799.0,6976.490000000001,2020-03-16,0.0,1.0,2020-06-15,2020-01-28,EPI_THIRD_WAVE,37448.770000000004,10.938883460425771,0.0,5.0,0.0,275.0,-6.0,5.0,,5.0,3.0,2.0,44.0,-54.0,,,,
87,6.0,Germany,DEU,59116.0,83132799.0,16389.479999999996,2020-06-17,0.0,2.0,2021-02-22,2020-06-15,EPI_THIRD_WAVE,37448.770000000004,10.938883460425771,0.0,5.0,0.0,275.0,-6.0,5.0,,5.0,3.0,2.0,44.0,-54.0,,,,
88,6.0,Germany,DEU,23097.0,83132799.0,9547.625,2021-02-23,0.0,3.0,2021-07-01,2021-02-22,EPI_THIRD_WAVE,37448.770000000004,10.938883460425771,0.0,5.0,0.0,275.0,-6.0,5.0,,5.0,3.0,2.0,44.0,-54.0,,,,
89,4.0,Djibouti,DJI,60.0,973560.0,11538.425000000001,2020-05-22,0.0,1.0,2020-09-05,2020-03-18,EPI_SECOND_WAVE,24562.155,1.592094991577304,0.0,-60.0,-64.0,-60.0,-60.0,-60.0,360.0,-60.0,-60.0,-65.0,-21.0,-65.0,,,,
90,4.0,Djibouti,DJI,95.0,973560.0,12739.47,2021-04-01,0.0,2.0,2021-07-01,2020-09-05,EPI_SECOND_WAVE,24562.155,1.592094991577304,0.0,-60.0,-64.0,-60.0,-60.0,-60.0,360.0,-60.0,-60.0,-65.0,-21.0,-65.0,,,,
91,6.0,Denmark,DNK,609.0,5818553.0,7955.1799999999985,2020-03-22,1195837.0,1.0,2020-07-09,2020-02-27,EPI_THIRD_WAVE,30831.665,4.3550346623980225,60786.24874603703,-9.0,-9.0,288.0,262.0,-4.0,,,,-8.0,51.0,496.0,-17.0,-7.0,15.0,66.0
92,6.0,Denmark,DNK,1692.0,5818553.0,11759.04,2020-08-11,14153817.0,2.0,2021-02-16,2020-07-09,EPI_THIRD_WAVE,30831.665,4.3550346623980225,60786.24874603703,-9.0,-9.0,288.0,262.0,-4.0,,,,-8.0,51.0,496.0,-17.0,-7.0,15.0,66.0
93,6.0,Denmark,DNK,242.0,5818553.0,8025.834999999999,2021-02-18,20158014.0,3.0,2021-07-01,2021-02-16,EPI_THIRD_WAVE,30831.665,4.3550346623980225,60786.24874603703,-9.0,-9.0,288.0,262.0,-4.0,,,,-8.0,51.0,496.0,-17.0,-7.0,15.0,66.0
94,5.0,Dominican Republic,DOM,2212.0,10738958.0,18629.81,2020-03-26,567187.0,1.0,2020-10-24,2020-03-02,EPI_THIRD_WAVE,39839.899999999994,3.5590045142182323,1507.9679983849458,-7.0,-7.0,-7.0,-7.0,-9.0,-7.0,23.0,-6.0,-7.0,419.0,,-2.0,19.0,79.0,314.0
95,5.0,Dominican Republic,DOM,1157.0,10738958.0,11358.530000000002,2020-10-26,727668.5909090908,2.0,2021-04-08,2020-10-24,EPI_THIRD_WAVE,39839.899999999994,3.5590045142182323,1507.9679983849458,-7.0,-7.0,-7.0,-7.0,-9.0,-7.0,23.0,-6.0,-7.0,419.0,,-2.0,19.0,79.0,314.0
96,5.0,Dominican Republic,DOM,0.0,10738958.0,9846.005000000001,2021-04-10,0.0,3.0,2021-09-19,2021-04-08,EPI_THIRD_WAVE,39839.899999999994,3.5590045142182323,1507.9679983849458,-7.0,-7.0,-7.0,-7.0,-9.0,-7.0,23.0,-6.0,-7.0,419.0,,-2.0,19.0,79.0,314.0
97,5.0,Algeria,DZA,1839.0,43053054.0,16375.475000000004,2020-03-20,0.0,1.0,2020-10-15,2020-02-25,EPI_THIRD_WAVE,35205.89,0.8631211156356062,0.0,3.0,-8.0,10.0,-10.0,10.0,3.0,3.0,3.0,-3.0,,100.0,,,,
98,5.0,Algeria,DZA,1284.0,43053054.0,12549.814999999999,2020-10-16,0.0,2.0,2021-04-05,2020-10-15,EPI_THIRD_WAVE,35205.89,0.8631211156356062,0.0,3.0,-8.0,10.0,-10.0,10.0,3.0,3.0,3.0,-3.0,,100.0,,,,
99,5.0,Algeria,DZA,0.0,43053054.0,6280.600000000001,2021-04-07,0.0,3.0,2021-09-19,2021-04-05,EPI_THIRD_WAVE,35205.89,0.8631211156356062,0.0,3.0,-8.0,10.0,-10.0,10.0,3.0,3.0,3.0,-3.0,,100.0,,,,
100,6.0,Ecuador,ECU,3358.0,17373662.0,7308.344999999998,2020-04-02,79922.0,1.0,2020-06-02,2020-02-29,EPI_THIRD_WAVE,37787.88,12.409588721134323,860.4979192066704,-16.0,-20.0,-16.0,-20.0,112.0,-18.0,-16.0,-16.0,-18.0,299.0,404.0,-10.0,16.0,117.0,
101,6.0,Ecuador,ECU,10634.0,17373662.0,13805.279999999999,2020-06-03,618991.0,2.0,2020-12-28,2020-06-02,EPI_THIRD_WAVE,37787.88,12.409588721134323,860.4979192066704,-16.0,-20.0,-16.0,-20.0,112.0,-18.0,-16.0,-16.0,-18.0,299.0,404.0,-10.0,16.0,117.0,
102,6.0,Ecuador,ECU,7570.0,17373662.0,12309.21,2020-12-31,799024.0,3.0,2021-07-01,2020-12-28,EPI_THIRD_WAVE,37787.88,12.409588721134323,860.4979192066704,-16.0,-20.0,-16.0,-20.0,112.0,-18.0,-16.0,-16.0,-18.0,299.0,404.0,-10.0,16.0,117.0,
103,4.0,Egypt,EGY,6029.0,100388073.0,14545.470000000001,2020-03-22,0.0,1.0,2020-10-10,2020-02-14,EPI_SECOND_WAVE,32245.570000000003,1.6106495041497608,0.0,3.0,-7.0,,-1.0,275.0,3.0,3.0,3.0,-3.0,,-37.0,,,,
104,4.0,Egypt,EGY,10152.0,100388073.0,15132.42,2020-10-11,0.0,2.0,2021-07-01,2020-10-10,EPI_SECOND_WAVE,32245.570000000003,1.6106495041497608,0.0,3.0,-7.0,,-1.0,275.0,3.0,3.0,3.0,-3.0,,-37.0,,,,
105,6.0,Spain,ESP,29730.0,47076781.0,8423.044999999998,2020-03-09,0.0,1.0,2020-06-28,2020-02-02,EPI_THIRD_WAVE,36162.16499999999,17.315542453932864,0.0,5.0,0.0,21.0,1.0,21.0,,5.0,117.0,8.0,,-38.0,,,,
106,6.0,Spain,ESP,20783.0,47076781.0,10616.54,2020-06-30,0.0,2.0,2020-12-11,2020-06-28,EPI_THIRD_WAVE,36162.16499999999,17.315542453932864,0.0,5.0,0.0,21.0,1.0,21.0,,5.0,117.0,8.0,,-38.0,,,,
107,6.0,Spain,ESP,31236.0,47076781.0,13495.485,2020-12-12,0.0,3.0,2021-07-01,2020-12-11,EPI_THIRD_WAVE,36162.16499999999,17.315542453932864,0.0,5.0,0.0,21.0,1.0,21.0,,5.0,117.0,8.0,,-38.0,,,,
108,4.0,Estonia,EST,63.0,1326590.0,6418.495,2020-04-03,126419.0,1.0,2020-07-02,2020-02-28,EPI_SECOND_WAVE,23498.535000000003,9.565879435243746,11559.769785691133,-9.0,-18.0,-7.0,-22.0,-9.0,,-5.0,-20.0,,,339.0,-30.0,-19.0,-3.0,103.0
109,4.0,Estonia,EST,1206.0,1326590.0,15624.394999999999,2020-10-24,1407507.0,2.0,2021-07-01,2020-07-02,EPI_SECOND_WAVE,23498.535000000003,9.565879435243746,11559.769785691133,-9.0,-18.0,-7.0,-22.0,-9.0,,-5.0,-20.0,,,339.0,-30.0,-19.0,-3.0,103.0
110,4.0,Ethiopia,ETH,2057.0,112078730.0,21560.43,2020-06-01,1907723.0,1.0,2021-01-22,2020-03-14,EPI_SECOND_WAVE,31779.309999999998,0.3854433396952303,255.691869456408,-67.0,-68.0,,-77.0,-54.0,-63.0,,-67.0,,295.0,162.0,-38.0,0.0,102.0,
111,4.0,Ethiopia,ETH,2276.0,112078730.0,6912.65,2021-01-26,962990.0,2.0,2021-07-01,2021-01-22,EPI_SECOND_WAVE,31779.309999999998,0.3854433396952303,255.691869456408,-67.0,-68.0,,-77.0,-54.0,-63.0,,-67.0,,295.0,162.0,-38.0,0.0,102.0,
112,4.0,Finland,FIN,309.0,5520314.0,7177.8,2020-03-22,310538.0,1.0,2020-07-15,2020-01-28,EPI_SECOND_WAVE,26123.395,1.7734498436139683,9917.952130983853,-4.0,,,-10.0,-6.0,,,5.0,-6.0,,496.0,-18.0,-4.0,25.0,150.0
113,4.0,Finland,FIN,670.0,5520314.0,15954.819999999996,2020-09-10,5169914.0,2.0,2021-07-01,2020-07-15,EPI_SECOND_WAVE,26123.395,1.7734498436139683,9917.952130983853,-4.0,,,-10.0,-6.0,,,5.0,-6.0,,496.0,-18.0,-4.0,25.0,150.0
114,6.0,France,FRA,29777.0,67059887.0,9488.295,2020-03-08,1875729.0,1.0,2020-07-02,2020-01-24,EPI_THIRD_WAVE,35324.19500000001,16.427406148179163,13968.93704876061,9.0,-6.0,9.0,-8.0,-8.0,,9.0,9.0,,139.0,64.0,,,,
115,6.0,France,FRA,25032.0,67059887.0,8726.015,2020-07-03,26179755.0,2.0,2020-12-07,2020-07-02,EPI_THIRD_WAVE,35324.19500000001,16.427406148179163,13968.93704876061,9.0,-6.0,9.0,-8.0,-8.0,,9.0,9.0,,139.0,64.0,,,,
116,6.0,France,FRA,55544.0,67059887.0,13122.559999999998,2020-12-08,65932422.0,3.0,2021-07-01,2020-12-07,EPI_THIRD_WAVE,35324.19500000001,16.427406148179163,13968.93704876061,9.0,-6.0,9.0,-8.0,-8.0,,9.0,9.0,,139.0,64.0,,,,
117,4.0,Gabon,GAB,58.0,2172579.0,19266.245,2020-05-15,0.0,1.0,2020-11-19,2020-03-14,EPI_SECOND_WAVE,39724.365000000005,0.7318491065227087,0.0,-56.0,-60.0,-33.0,-63.0,-56.0,,-55.0,-35.0,-56.0,-21.0,-46.0,,,,
118,4.0,Gabon,GAB,101.0,2172579.0,14943.345000000003,2021-01-28,0.0,2.0,2021-07-01,2020-11-19,EPI_SECOND_WAVE,39724.365000000005,0.7318491065227087,0.0,-56.0,-60.0,-33.0,-63.0,-56.0,,-55.0,-35.0,-56.0,-21.0,-46.0,,,,
119,5.0,United Kingdom,GBR,40855.0,66834405.0,9401.884999999998,2020-03-14,3506511.0,1.0,2020-07-14,2020-02-01,EPI_THIRD_WAVE,36483.315,19.17275989813929,28554.073160373013,9.0,6.0,7.0,7.0,9.0,,9.0,9.0,,431.0,79.0,18.0,18.0,46.0,145.0
120,5.0,United Kingdom,GBR,86839.0,66834405.0,21970.620000000003,2020-07-15,150162501.0,2.0,2021-05-18,2020-07-14,EPI_THIRD_WAVE,36483.315,19.17275989813929,28554.073160373013,9.0,6.0,7.0,7.0,9.0,,9.0,9.0,,431.0,79.0,18.0,18.0,46.0,145.0
121,5.0,United Kingdom,GBR,0.0,66834405.0,5032.984999999999,2021-05-20,0.0,3.0,2021-09-19,2021-05-18,EPI_THIRD_WAVE,36483.315,19.17275989813929,28554.073160373013,9.0,6.0,7.0,7.0,9.0,,9.0,9.0,,431.0,79.0,18.0,18.0,46.0,145.0
122,3.0,Georgia,GEO,3601.0,3720382.0,26607.964999999997,2020-05-09,0.0,1.0,2021-03-09,2020-02-26,EPI_SECOND_WAVE,33910.575,14.318422140522129,6565.192767839431,-49.0,-68.0,-51.0,-69.0,-49.0,-47.0,-47.0,-48.0,-52.0,,-73.0,333.0,333.0,333.0,333.0
123,3.0,Georgia,GEO,0.0,3720382.0,6740.239999999998,2021-03-10,0.0,2.0,2021-09-19,2021-03-09,EPI_SECOND_WAVE,33910.575,14.318422140522129,6565.192767839431,-49.0,-68.0,-51.0,-69.0,-49.0,-47.0,-47.0,-48.0,-52.0,,-73.0,333.0,333.0,333.0,333.0
124,4.0,Ghana,GHA,310.0,30417856.0,12186.575,2020-04-25,719846.0,1.0,2020-10-19,2020-03-14,EPI_SECOND_WAVE,25628.67,0.2616883977621565,490.38909908706256,-26.0,-40.0,-26.0,-40.0,,-26.0,-26.0,-26.0,-34.0,-35.0,-44.0,-27.0,-14.0,67.0,
125,4.0,Ghana,GHA,486.0,30417856.0,10829.635,2020-10-30,773280.5,2.0,2021-07-01,2020-10-19,EPI_SECOND_WAVE,25628.67,0.2616883977621565,490.38909908706256,-26.0,-40.0,-26.0,-40.0,,-26.0,-26.0,-26.0,-34.0,-35.0,-44.0,-27.0,-14.0,67.0,
126,2.0,Gibraltar,GIB,94.0,33701.0,10242.645,2021-01-07,0.0,1.0,2021-07-01,2020-03-03,EPI_FIRST_WAVE,10537.119999999997,27.89234740808878,0.0,-296.0,-295.0,-289.0,-296.0,-289.0,-300.0,-296.0,,,-185.0,-310.0,,,,
127,4.0,Guinea,GIN,95.0,12771246.0,17986.765,2020-05-06,0.0,1.0,2021-01-02,2020-03-14,EPI_SECOND_WAVE,33221.5,0.13389453151243036,0.0,-40.0,-40.0,70.0,-40.0,300.0,,-37.0,-40.0,-40.0,321.0,202.0,,,,
128,4.0,Guinea,GIN,92.0,12771246.0,10093.060000000001,2021-03-03,0.0,2.0,2021-07-01,2021-01-02,EPI_SECOND_WAVE,33221.5,0.13389453151243036,0.0,-40.0,-40.0,70.0,-40.0,300.0,,-37.0,-40.0,-40.0,321.0,202.0,,,,
129,4.0,Guadeloupe,GLP,157.0,,,2020-04-19,0.0,1.0,2021-01-03,2020-03-14,EPI_SECOND_WAVE,,,,,,,,,,,,,,,,,,
130,4.0,Guadeloupe,GLP,112.0,,,2021-03-06,0.0,2.0,2021-07-01,2021-01-03,EPI_SECOND_WAVE,,,,,,,,,,,,,,,,,,
131,2.0,Gambia,GMB,181.0,2347706.0,26560.170000000006,2020-08-05,0.0,1.0,2021-07-01,2020-03-18,EPI_FIRST_WAVE,29189.14,0.7709653593763444,0.0,-131.0,-140.0,-131.0,-131.0,-79.0,,1.0,,-135.0,160.0,-57.0,,,,
132,2.0,Guinea-Bissau,GNB,69.0,1920922.0,,2020-06-06,0.0,1.0,2021-07-01,2020-03-26,EPI_FIRST_WAVE,,0.3592025079623223,0.0,,,,,,,,,,,,,,,
133,3.0,Equatorial Guinea,GNQ,83.0,1355986.0,,2020-05-21,0.0,1.0,2020-10-27,2020-03-14,EPI_SECOND_WAVE,,0.8923395964265117,0.0,,,,,,,,,,,,,,,
134,3.0,Equatorial Guinea,GNQ,0.0,1355986.0,,2021-03-04,0.0,2.0,2021-09-19,2020-10-27,EPI_SECOND_WAVE,,0.8923395964265117,0.0,,,,,,,,,,,,,,,
135,6.0,Greece,GRC,180.0,10716322.0,6861.570000000001,2020-03-22,199189.0,1.0,2020-06-08,2020-02-27,EPI_THIRD_WAVE,37000.05500000001,11.90986982287393,9964.506945573305,-4.0,-17.0,343.0,-22.0,-4.0,343.0,1.0,-1.0,,93.0,69.0,-10.0,4.0,52.0,172.0
136,6.0,Greece,GRC,5588.0,10716322.0,14790.425,2020-06-21,3799027.9285714286,2.0,2021-01-27,2020-06-08,EPI_THIRD_WAVE,37000.05500000001,11.90986982287393,9964.506945573305,-4.0,-17.0,343.0,-22.0,-4.0,343.0,1.0,-1.0,,93.0,69.0,-10.0,4.0,52.0,172.0
137,6.0,Greece,GRC,7016.0,10716322.0,11392.655000000002,2021-01-28,6720137.0,3.0,2021-07-01,2021-01-27,EPI_THIRD_WAVE,37000.05500000001,11.90986982287393,9964.506945573305,-4.0,-17.0,343.0,-22.0,-4.0,343.0,1.0,-1.0,,93.0,69.0,-10.0,4.0,52.0,172.0
138,3.0,Guatemala,GTM,4837.0,16604026.0,22900.94,2020-04-24,578451.0,1.0,2021-01-04,2020-03-15,EPI_SECOND_WAVE,35682.67999999999,5.5498588113509335,880.8725064631915,-38.0,-39.0,-38.0,-38.0,-33.0,-38.0,-33.0,-49.0,-6.0,382.0,,-13.0,29.0,106.0,
139,3.0,Guatemala,GTM,0.0,16604026.0,12060.934999999998,2021-01-06,0.0,2.0,2021-09-19,2021-01-04,EPI_SECOND_WAVE,35682.67999999999,5.5498588113509335,880.8725064631915,-38.0,-39.0,-38.0,-38.0,-33.0,-38.0,-33.0,-49.0,-6.0,382.0,,-13.0,29.0,106.0,
140,5.0,French Guiana,GUF,70.0,,,2020-06-26,0.0,1.0,2020-10-31,2020-03-07,EPI_THIRD_WAVE,,,,,,,,,,,,,,,,,,
141,5.0,French Guiana,GUF,17.0,,,2021-02-13,0.0,2.0,2021-03-22,2020-10-31,EPI_THIRD_WAVE,,,,,,,,,,,,,,,,,,
142,5.0,French Guiana,GUF,0.0,,,2021-04-24,0.0,3.0,2021-09-19,2021-03-22,EPI_THIRD_WAVE,,,,,,,,,,,,,,,,,,
143,2.0,Guam,GUM,140.0,167294.0,28229.180000000004,2020-08-28,0.0,1.0,2021-07-01,2020-03-17,EPI_FIRST_WAVE,29213.42,8.368500962377611,0.0,-161.0,-165.0,-161.0,-161.0,-161.0,-139.0,-13.0,,,-113.0,-87.0,,,,
144,3.0,Guyana,GUY,166.0,782766.0,22440.985,2020-05-07,0.0,1.0,2021-01-08,2020-03-13,EPI_SECOND_WAVE,37583.42999999999,5.978798261549429,0.0,-34.0,-52.0,-40.0,-34.0,-34.0,,-34.0,-34.0,-41.0,334.0,-56.0,,,,
145,3.0,Guyana,GUY,0.0,782766.0,14554.875,2021-02-01,0.0,2.0,2021-09-19,2021-01-08,EPI_SECOND_WAVE,37583.42999999999,5.978798261549429,0.0,-34.0,-52.0,-40.0,-34.0,-34.0,,-34.0,-34.0,-41.0,334.0,-56.0,,,,
146,3.0,Honduras,HND,2853.0,9746117.0,22825.944999999992,2020-04-02,0.0,1.0,2020-11-21,2020-03-12,EPI_SECOND_WAVE,46907.075,7.161826602327881,0.0,-17.0,-20.0,-13.0,-20.0,-17.0,-17.0,-17.0,-17.0,-12.0,397.0,,,,,
147,3.0,Honduras,HND,0.0,9746117.0,23964.475,2020-11-25,0.0,2.0,2021-09-19,2020-11-21,EPI_SECOND_WAVE,46907.075,7.161826602327881,0.0,-17.0,-20.0,-13.0,-20.0,-17.0,-17.0,-17.0,-17.0,-12.0,397.0,,,,,
148,6.0,Croatia,HRV,104.0,4067500.0,7164.929999999999,2020-04-05,72572.0,1.0,2020-06-09,2020-02-26,EPI_THIRD_WAVE,26078.450000000004,20.181929932390904,5352.293792255686,-16.0,-23.0,-16.0,-26.0,-16.0,-15.0,-13.0,-13.0,-17.0,29.0,-62.0,-25.0,-10.0,31.0,199.0
149,6.0,Croatia,HRV,5325.0,4067500.0,10511.195,2020-07-09,1239466.5,2.0,2021-02-21,2020-06-09,EPI_THIRD_WAVE,26078.450000000004,20.181929932390904,5352.293792255686,-16.0,-23.0,-16.0,-26.0,-16.0,-15.0,-13.0,-13.0,-17.0,29.0,-62.0,-25.0,-10.0,31.0,199.0
150,6.0,Croatia,HRV,2789.0,4067500.0,5945.455,2021-02-22,870714.0,3.0,2021-07-01,2021-02-21,EPI_THIRD_WAVE,26078.450000000004,20.181929932390904,5352.293792255686,-16.0,-23.0,-16.0,-26.0,-16.0,-15.0,-13.0,-13.0,-17.0,29.0,-62.0,-25.0,-10.0,31.0,199.0
151,5.0,Haiti,HTI,232.0,11263077.0,13785.945,2020-05-06,0.0,1.0,2020-11-04,2020-03-20,EPI_THIRD_WAVE,27652.845,0.39332058193333846,0.0,-48.0,-48.0,-48.0,-48.0,-48.0,-30.0,-48.0,-48.0,-17.0,279.0,279.0,,,,
152,5.0,Haiti,HTI,19.0,11263077.0,5682.3099999999995,2021-01-23,0.0,2.0,2021-04-07,2020-11-04,EPI_THIRD_WAVE,27652.845,0.39332058193333846,0.0,-48.0,-48.0,-48.0,-48.0,-48.0,-30.0,-48.0,-48.0,-17.0,279.0,279.0,,,,
153,5.0,Haiti,HTI,0.0,11263077.0,7794.285000000001,2021-05-06,0.0,3.0,2021-09-19,2021-04-07,EPI_THIRD_WAVE,27652.845,0.39332058193333846,0.0,-48.0,-48.0,-48.0,-48.0,-48.0,-30.0,-48.0,-48.0,-17.0,279.0,279.0,,,,
154,6.0,Hungary,HUN,581.0,9769949.0,7528.219999999999,2020-03-25,273755.0,1.0,2020-06-29,2020-03-05,EPI_THIRD_WAVE,31905.760000000002,30.69821551780874,5930.037096406542,-9.0,-9.0,348.0,-14.0,230.0,,2.0,3.0,-9.0,461.0,-57.0,-10.0,3.0,44.0,214.0
155,6.0,Hungary,HUN,11885.0,9769949.0,12284.445000000003,2020-07-10,2416346.0,2.0,2021-01-30,2020-06-29,EPI_THIRD_WAVE,31905.760000000002,30.69821551780874,5930.037096406542,-9.0,-9.0,348.0,-14.0,230.0,,2.0,3.0,-9.0,461.0,-57.0,-10.0,3.0,44.0,214.0
156,6.0,Hungary,HUN,17618.0,9769949.0,10038.79,2021-01-31,3127562.0,3.0,2021-07-01,2021-01-30,EPI_THIRD_WAVE,31905.760000000002,30.69821551780874,5930.037096406542,-9.0,-9.0,348.0,-14.0,230.0,,2.0,3.0,-9.0,461.0,-57.0,-10.0,3.0,44.0,214.0
157,3.0,Indonesia,IDN,49205.0,270625568.0,28215.47,2020-03-18,10659579.833333334,1.0,2021-05-22,2020-03-02,EPI_SECOND_WAVE,37130.520000000004,2.179949235247425,490.37164515069026,20.0,-44.0,23.0,-15.0,20.0,,23.0,37.0,1.0,327.0,342.0,25.0,82.0,221.0,
158,3.0,Indonesia,IDN,0.0,270625568.0,7863.72,2021-05-23,0.0,2.0,2021-09-19,2021-05-22,EPI_SECOND_WAVE,37130.520000000004,2.179949235247425,490.37164515069026,20.0,-44.0,23.0,-15.0,20.0,,23.0,37.0,1.0,327.0,342.0,25.0,82.0,221.0,
159,2.0,Isle of Man,IMN,39.0,84584.0,,2020-04-22,0.0,1.0,2021-07-01,2020-03-20,EPI_FIRST_WAVE,,4.6108010971342095,0.0,,,,,,,,,,,,,,,
160,4.0,India,IND,155642.0,1366417754.0,26117.69,2020-03-25,206339060.0,1.0,2021-02-14,2020-01-30,EPI_SECOND_WAVE,41148.884999999995,2.9234031746926497,3004.888049778662,-5.0,-12.0,-4.0,-11.0,-6.0,-5.0,-3.0,-5.0,-3.0,15.0,-54.0,15.0,44.0,116.0,247.0
161,4.0,India,IND,243909.0,1366417754.0,9831.735,2021-02-15,204951292.0,2.0,2021-07-01,2021-02-14,EPI_SECOND_WAVE,41148.884999999995,2.9234031746926497,3004.888049778662,-5.0,-12.0,-4.0,-11.0,-6.0,-5.0,-3.0,-5.0,-3.0,15.0,-54.0,15.0,44.0,116.0,247.0
162,6.0,Ireland,IRL,1632.0,4941444.0,8826.779999999999,2020-03-27,455067.0,1.0,2020-07-05,2020-03-04,EPI_THIRD_WAVE,38268.354999999996,10.114452374650002,11134.68046991932,0.0,-14.0,0.0,-15.0,-12.0,0.0,1.0,1.0,,,70.0,-8.0,-8.0,12.0,106.0
163,6.0,Ireland,IRL,380.0,4941444.0,9587.705,2020-07-12,1567474.0,2.0,2020-12-05,2020-07-05,EPI_THIRD_WAVE,38268.354999999996,10.114452374650002,11134.68046991932,0.0,-14.0,0.0,-15.0,-12.0,0.0,1.0,1.0,,,70.0,-8.0,-8.0,12.0,106.0
164,6.0,Ireland,IRL,2993.0,4941444.0,16136.05,2020-12-06,3498055.0,3.0,2021-07-01,2020-12-05,EPI_THIRD_WAVE,38268.354999999996,10.114452374650002,11134.68046991932,0.0,-14.0,0.0,-15.0,-12.0,0.0,1.0,1.0,,,70.0,-8.0,-8.0,12.0,106.0
165,4.0,Iran,IRN,55748.0,82913906.0,18015.125,2020-02-25,8369490.5,1.0,2021-01-06,2020-02-19,EPI_SECOND_WAVE,36949.435,10.162830828401692,2860.092853423164,147.0,9.0,26.0,-3.0,224.0,244.0,224.0,9.0,,,82.0,44.0,44.0,91.0,323.0
166,4.0,Iran,IRN,28614.0,82913906.0,13640.585000000001,2021-01-07,15398873.5,2.0,2021-07-01,2021-01-06,EPI_SECOND_WAVE,36949.435,10.162830828401692,2860.092853423164,147.0,9.0,26.0,-3.0,224.0,244.0,224.0,9.0,,,82.0,44.0,44.0,91.0,323.0
167,3.0,Iraq,IRQ,12944.0,39309783.0,24532.710000000003,2020-03-17,5095566.5,1.0,2021-01-18,2020-02-24,EPI_SECOND_WAVE,40048.285,4.371939677204527,2980.7169121233765,-6.0,-21.0,0.0,-21.0,-21.0,-4.0,-4.0,-6.0,0.0,343.0,,22.0,28.0,92.0,272.0
168,3.0,Iraq,IRQ,0.0,39309783.0,15450.305000000002,2021-01-20,0.0,2.0,2021-09-19,2021-01-18,EPI_SECOND_WAVE,40048.285,4.371939677204527,2980.7169121233765,-6.0,-21.0,0.0,-21.0,-21.0,-4.0,-4.0,-6.0,0.0,343.0,,22.0,28.0,92.0,272.0
169,4.0,Iceland,ISL,10.0,361313.0,3811.935,2020-04-21,58709.0,1.0,2020-05-22,2020-02-29,EPI_SECOND_WAVE,25172.415,0.8303050263898614,11763.78929072577,338.0,338.0,,-36.0,193.0,,,,,-39.0,-43.0,-52.0,-46.0,-36.0,-8.0
170,4.0,Iceland,ISL,20.0,361313.0,18033.405,2020-11-09,366787.0,2.0,2021-07-01,2020-05-22,EPI_SECOND_WAVE,25172.415,0.8303050263898614,11763.78929072577,338.0,338.0,,-36.0,193.0,,,,,-39.0,-43.0,-52.0,-46.0,-36.0,-8.0
171,7.0,Israel,ISR,286.0,9053300.0,6644.38,2020-03-27,553507.0,1.0,2020-05-26,2020-02-21,EPI_FOURTH_WAVE,34451.72,7.094650569405631,19149.51675079805,-12.0,-14.0,5.0,-23.0,-12.0,,-7.0,7.0,-15.0,222.0,-10.0,-26.0,-10.0,6.0,90.0
172,7.0,Israel,ISR,2423.0,9053300.0,10760.279999999999,2020-06-06,4667919.0,2.0,2020-11-11,2020-05-26,EPI_FOURTH_WAVE,34451.72,7.094650569405631,19149.51675079805,-12.0,-14.0,5.0,-23.0,-12.0,,-7.0,7.0,-15.0,222.0,-10.0,-26.0,-10.0,6.0,90.0
173,7.0,Israel,ISR,3723.0,9053300.0,13149.815,2020-11-13,11668004.0,3.0,2021-06-13,2020-11-11,EPI_FOURTH_WAVE,34451.72,7.094650569405631,19149.51675079805,-12.0,-14.0,5.0,-23.0,-12.0,,-7.0,7.0,-15.0,222.0,-10.0,-26.0,-10.0,6.0,90.0
174,4.0,Italy,ITA,34991.0,60297396.0,10657.435000000001,2020-02-26,5850297.0,1.0,2020-07-10,2020-01-29,EPI_SECOND_WAVE,40592.05,21.156137488922408,11902.857960897682,-3.0,-3.0,-4.0,-3.0,-3.0,46.0,-3.0,-5.0,,441.0,-26.0,-1.0,13.0,37.0,140.0
175,4.0,Italy,ITA,92652.0,60297396.0,25205.704999999994,2020-07-11,65968790.0,2.0,2021-07-01,2020-07-10,EPI_SECOND_WAVE,40592.05,21.156137488922408,11902.857960897682,-3.0,-3.0,-4.0,-3.0,-3.0,46.0,-3.0,-5.0,,441.0,-26.0,-1.0,13.0,37.0,140.0
176,4.0,Jamaica,JAM,231.0,2948279.0,18788.17,2020-06-06,109866.5,1.0,2020-11-18,2020-03-10,EPI_SECOND_WAVE,40806.204999999994,3.6461949496638546,1519.9341717659693,-80.0,-85.0,451.0,-87.0,-73.0,362.0,-85.0,-85.0,-77.0,245.0,80.0,-68.0,-41.0,41.0,304.0
177,4.0,Jamaica,JAM,844.0,2948279.0,16251.439999999999,2020-11-25,338908.5,2.0,2021-07-01,2020-11-18,EPI_SECOND_WAVE,40806.204999999994,3.6461949496638546,1519.9341717659693,-80.0,-85.0,451.0,-87.0,-73.0,362.0,-85.0,-85.0,-77.0,245.0,80.0,-68.0,-41.0,41.0,304.0
178,2.0,Jersey,JEY,69.0,,,2020-04-18,0.0,1.0,2021-07-01,2020-03-12,EPI_FIRST_WAVE,,,,,,,,,,,,,,,,,,
179,4.0,Jordan,JOR,4304.0,10101694.0,23447.215,2020-07-04,2027149.5,1.0,2021-01-31,2020-03-02,EPI_SECOND_WAVE,36308.195,9.651846512080054,5351.641516759466,-108.0,-111.0,-108.0,-108.0,-108.0,-108.0,-108.0,-108.0,-111.0,248.0,12.0,119.0,119.0,119.0,119.0
180,4.0,Jordan,JOR,5469.0,10101694.0,9597.079999999998,2021-02-01,3400185.0,2.0,2021-07-01,2021-01-31,EPI_SECOND_WAVE,36308.195,9.651846512080054,5351.641516759466,-108.0,-111.0,-108.0,-108.0,-108.0,-108.0,-108.0,-108.0,-111.0,248.0,12.0,119.0,119.0,119.0,119.0
181,8.0,Japan,JPN,874.0,126264931.0,4542.48,2020-03-09,272329.0,1.0,2020-05-29,2020-01-14,EPI_FOURTH_WAVE,24652.545,1.1706338318119383,1239.967651825668,,-7.0,,274.0,,,,,288.0,,397.0,7.0,49.0,172.0,436.0
182,8.0,Japan,JPN,678.0,126264931.0,3688.6649999999995,2020-05-30,1485131.0,2.0,2020-09-27,2020-05-29,EPI_FOURTH_WAVE,24652.545,1.1706338318119383,1239.967651825668,,-7.0,,274.0,,,,,288.0,,397.0,7.0,49.0,172.0,436.0
183,8.0,Japan,JPN,6759.0,126264931.0,7001.329999999999,2020-09-29,6432740.0,3.0,2021-03-09,2020-09-27,EPI_FOURTH_WAVE,24652.545,1.1706338318119383,1239.967651825668,,-7.0,,274.0,,,,,288.0,,397.0,7.0,49.0,172.0,436.0
184,4.0,Kazakhstan,KAZ,2106.0,18513930.0,17041.2,2020-04-11,3122969.0,1.0,2020-10-07,2020-03-13,EPI_SECOND_WAVE,38717.295,4.190898420810709,6499.907367047407,-23.0,-26.0,-12.0,-30.0,-23.0,-23.0,-23.0,-24.0,-26.0,20.0,-18.0,-25.0,-13.0,15.0,103.0
185,4.0,Kazakhstan,KAZ,5653.0,18513930.0,17712.379999999997,2020-10-12,8928090.0,2.0,2021-07-01,2020-10-07,EPI_SECOND_WAVE,38717.295,4.190898420810709,6499.907367047407,-23.0,-26.0,-12.0,-30.0,-23.0,-23.0,-23.0,-24.0,-26.0,20.0,-18.0,-25.0,-13.0,15.0,103.0
186,6.0,Kenya,KEN,634.0,52573973.0,15177.934999999998,2020-04-16,506248.0555555555,1.0,2020-09-17,2020-03-14,EPI_THIRD_WAVE,37999.84,0.6912165454948592,337.94183673354877,-27.0,-32.0,,-34.0,-34.0,467.0,-20.0,-20.0,-30.0,18.0,119.0,-8.0,36.0,161.0,
187,6.0,Kenya,KEN,1121.0,52573973.0,8666.535,2020-09-19,969402.5952380954,2.0,2021-01-31,2020-09-17,EPI_THIRD_WAVE,37999.84,0.6912165454948592,337.94183673354877,-27.0,-32.0,,-34.0,-34.0,467.0,-20.0,-20.0,-30.0,18.0,119.0,-8.0,36.0,161.0,
188,6.0,Kenya,KEN,1881.0,52573973.0,9124.255,2021-02-02,308620.4142857143,3.0,2021-07-01,2021-01-31,EPI_THIRD_WAVE,37999.84,0.6912165454948592,337.94183673354877,-27.0,-32.0,,-34.0,-34.0,467.0,-20.0,-20.0,-30.0,18.0,119.0,-8.0,36.0,161.0,
189,5.0,Kyrgyzstan,KGZ,1063.0,6456900.0,14847.189999999997,2020-05-03,0.0,1.0,2020-09-20,2020-03-18,EPI_THIRD_WAVE,33546.415,3.1114002075299294,0.0,-47.0,-48.0,-39.0,-52.0,-39.0,-39.0,-39.0,-39.0,-47.0,328.0,153.0,,,,
190,5.0,Kyrgyzstan,KGZ,413.0,6456900.0,8484.580000000002,2020-10-08,0.0,2.0,2021-03-11,2020-09-20,EPI_THIRD_WAVE,33546.415,3.1114002075299294,0.0,-47.0,-48.0,-39.0,-52.0,-39.0,-39.0,-39.0,-39.0,-47.0,328.0,153.0,,,,
191,5.0,Kyrgyzstan,KGZ,0.0,6456900.0,9224.359999999999,2021-03-19,0.0,3.0,2021-09-19,2021-03-11,EPI_THIRD_WAVE,33546.415,3.1114002075299294,0.0,-47.0,-48.0,-39.0,-52.0,-39.0,-39.0,-39.0,-39.0,-47.0,328.0,153.0,,,,
192,6.0,South Korea,KOR,256.0,51709098.0,5277.510000000002,2020-02-26,678103.0,1.0,2020-05-07,2020-01-19,EPI_THIRD_WAVE,31110.4,0.3908403120858925,2039.7598117066361,24.0,-21.0,40.0,-5.0,38.0,,24.0,24.0,,-19.0,-15.0,-13.0,1.0,49.0,332.0
193,6.0,South Korea,KOR,177.0,51709098.0,7790.655000000001,2020-05-23,1770998.0,2.0,2020-10-11,2020-05-07,EPI_THIRD_WAVE,31110.4,0.3908403120858925,2039.7598117066361,24.0,-21.0,40.0,-5.0,38.0,,24.0,24.0,,-19.0,-15.0,-13.0,1.0,49.0,332.0
194,6.0,South Korea,KOR,1591.0,51709098.0,14637.349999999999,2020-10-17,8109664.0,3.0,2021-07-01,2020-10-11,EPI_THIRD_WAVE,31110.4,0.3908403120858925,2039.7598117066361,24.0,-21.0,40.0,-5.0,38.0,,24.0,24.0,,-19.0,-15.0,-13.0,1.0,49.0,332.0
195,3.0,Kuwait,KWT,937.0,4207083.0,22677.105,2020-04-22,1039950.0,1.0,2021-01-03,2020-02-24,EPI_SECOND_WAVE,38475.505,4.680202411029209,6535.492644190761,-42.0,-52.0,-16.0,-43.0,-42.0,-41.0,-31.0,-16.0,-40.0,164.0,-46.0,22.0,22.0,22.0,78.0
196,3.0,Kuwait,KWT,0.0,4207083.0,15571.895,2021-01-16,0.0,2.0,2021-09-19,2021-01-03,EPI_SECOND_WAVE,38475.505,4.680202411029209,6535.492644190761,-42.0,-52.0,-16.0,-43.0,-42.0,-41.0,-31.0,-16.0,-40.0,164.0,-46.0,22.0,22.0,22.0,78.0
197,2.0,Lebanon,LBN,7851.0,6855713.0,35815.825,2020-03-29,750787.0,1.0,2021-07-01,2020-02-21,EPI_FIRST_WAVE,40720.89,11.451762931149538,1095.1260649329981,-11.0,-29.0,-11.0,-11.0,-11.0,230.0,-11.0,145.0,-13.0,460.0,,405.0,405.0,405.0,405.0
198,2.0,Libya,LBY,3193.0,6777452.0,38449.2,2020-06-16,1334269.5,1.0,2021-07-01,2020-03-25,EPI_FIRST_WAVE,40015.04,4.711210053571755,1968.8129108107294,-86.0,-93.0,-61.0,-94.0,-86.0,-86.0,-86.0,-86.0,-92.0,,,,,,
199,2.0,Saint Lucia,LCA,84.0,182790.0,,2021-01-24,0.0,1.0,2021-07-01,2020-03-15,EPI_FIRST_WAVE,,4.5954373871656,0.0,,,,,,,,,,,,,,,
200,3.0,Sri Lanka,LKA,604.0,21803000.0,24575.589999999997,2020-05-25,2510198.5,1.0,2021-04-07,2020-01-27,EPI_SECOND_WAVE,35661.32,1.4048525432279961,1861.3014264092099,-70.0,-68.0,-70.0,-72.0,-72.0,-63.0,-68.0,-68.0,-67.0,223.0,-109.0,-57.0,-25.0,94.0,285.0
201,3.0,Sri Lanka,LKA,0.0,21803000.0,11081.559999999998,2021-04-13,0.0,2.0,2021-09-19,2021-04-07,EPI_SECOND_WAVE,35661.32,1.4048525432279961,1861.3014264092099,-70.0,-68.0,-70.0,-72.0,-72.0,-63.0,-68.0,-68.0,-67.0,223.0,-109.0,-57.0,-25.0,94.0,285.0
202,2.0,Lesotho,LSO,333.0,2125268.0,23890.485,2020-07-26,0.0,1.0,2021-07-01,2020-05-14,EPI_FIRST_WAVE,33046.235,1.5480400589478598,0.0,-130.0,-130.0,-119.0,-130.0,-130.0,,-130.0,-130.0,-119.0,303.0,,,,,
203,4.0,Lithuania,LTU,3389.0,2786844.0,20281.869999999995,2020-04-06,2227867.0,1.0,2021-03-13,2020-02-28,EPI_SECOND_WAVE,27914.78,15.73105634904573,14014.067525846442,-21.0,-21.0,-21.0,-25.0,-21.0,,254.0,4.0,-21.0,412.0,1.0,-16.0,-10.0,3.0,52.0
204,4.0,Lithuania,LTU,1011.0,2786844.0,5515.749999999999,2021-03-15,1683894.0,2.0,2021-07-01,2021-03-13,EPI_SECOND_WAVE,27914.78,15.73105634904573,14014.067525846442,-21.0,-21.0,-21.0,-25.0,-21.0,,254.0,4.0,-21.0,412.0,1.0,-16.0,-10.0,3.0,52.0
205,6.0,Luxembourg,LUX,110.0,619896.0,5941.160000000001,2020-03-28,87972.0,1.0,2020-06-07,2020-03-01,EPI_THIRD_WAVE,27997.67,13.195761869732987,49842.26386361583,-12.0,-12.0,-12.0,-15.0,-15.0,,-11.0,-13.0,,44.0,-27.0,-18.0,-12.0,-4.0,52.0
206,6.0,Luxembourg,LUX,14.0,619896.0,2356.6100000000006,2020-08-11,500794.0,2.0,2020-08-20,2020-06-07,EPI_THIRD_WAVE,27997.67,13.195761869732987,49842.26386361583,-12.0,-12.0,-12.0,-15.0,-15.0,,-11.0,-13.0,,44.0,-27.0,-18.0,-12.0,-4.0,52.0
207,6.0,Luxembourg,LUX,694.0,619896.0,17277.745000000003,2020-10-21,2506367.0,3.0,2021-07-01,2020-08-20,EPI_THIRD_WAVE,27997.67,13.195761869732987,49842.26386361583,-12.0,-12.0,-12.0,-15.0,-15.0,,-11.0,-13.0,,44.0,-27.0,-18.0,-12.0,-4.0,52.0
208,2.0,Latvia,LVA,2520.0,1912789.0,25421.02,2020-04-21,2854897.0,1.0,2021-07-01,2020-03-02,EPI_FIRST_WAVE,28570.77,13.174479777957735,14925.969356787393,-35.0,-39.0,242.0,-39.0,186.0,,,,-35.0,50.0,36.0,-49.0,-35.0,-17.0,97.0
209,2.0,Morocco,MAR,9296.0,36471769.0,35158.744999999995,2020-03-27,6315316.1,1.0,2021-07-01,2020-03-02,EPI_FIRST_WAVE,38340.3,2.5488207056806047,1731.5670923447667,-7.0,-11.0,-7.0,-13.0,213.0,-7.0,-7.0,-14.0,-7.0,76.0,340.0,7.0,35.0,76.0,234.0
210,4.0,Moldova,MDA,3299.0,2657637.0,20188.119999999995,2020-04-05,0.0,1.0,2021-01-21,2020-03-07,EPI_SECOND_WAVE,34074.16499999999,23.306418446161008,804.0488599458843,-13.0,-25.0,334.0,-26.0,-15.0,-13.0,-12.0,-12.0,-19.0,381.0,25.0,411.0,411.0,411.0,411.0
211,4.0,Moldova,MDA,2912.0,2657637.0,10097.130000000001,2021-01-22,213687.0,2.0,2021-07-01,2021-01-21,EPI_SECOND_WAVE,34074.16499999999,23.306418446161008,804.0488599458843,-13.0,-25.0,334.0,-26.0,-15.0,-13.0,-12.0,-12.0,-19.0,381.0,25.0,411.0,411.0,411.0,411.0
212,4.0,Madagascar,MDG,251.0,26969307.0,16317.074999999999,2020-06-11,111591.17924528301,1.0,2020-12-03,2020-03-21,EPI_SECOND_WAVE,30570.355000000003,0.3370498174091014,100.00312577553439,-82.0,-82.0,-67.0,-82.0,,-82.0,-80.0,-82.0,-83.0,317.0,361.0,-43.0,29.0,,
213,4.0,Madagascar,MDG,658.0,26969307.0,10709.539999999999,2020-12-28,158673.96226415093,2.0,2021-07-01,2020-12-03,EPI_SECOND_WAVE,30570.355000000003,0.3370498174091014,100.00312577553439,-82.0,-82.0,-67.0,-82.0,,-82.0,-80.0,-82.0,-83.0,317.0,361.0,-43.0,29.0,,
214,4.0,Maldives,MDV,48.0,530953.0,,2020-07-04,298219.5,1.0,2020-12-24,2020-03-07,EPI_SECOND_WAVE,,4.011654515559758,19376.696242416936,,,,,,,,,,,,-109.0,-106.0,-70.0,-1.0
215,4.0,Maldives,MDV,165.0,530953.0,,2021-02-14,733154.0,2.0,2021-07-01,2020-12-24,EPI_SECOND_WAVE,,4.011654515559758,19376.696242416936,,,,,,,,,,,,-109.0,-106.0,-70.0,-1.0
216,2.0,Mexico,MEX,232803.0,127575529.0,30669.629999999997,2020-03-29,7153723.0,1.0,2021-07-01,2020-02-28,EPI_FIRST_WAVE,34802.875,18.248248847159395,561.5354336488779,-3.0,-6.0,-3.0,-5.0,484.0,,1.0,1.0,,,281.0,-18.0,37.0,146.0,
217,4.0,Macedonia,MKD,2855.0,2083459.0,,2020-04-01,456092.0,1.0,2021-02-01,2020-02-26,EPI_SECOND_WAVE,,26.32161228034725,4340.440584623935,,,,,,,,,,,,-1.0,-1.0,45.0,195.0
218,4.0,Macedonia,MKD,2636.0,2083459.0,,2021-02-02,450761.0,2.0,2021-07-01,2021-02-01,EPI_SECOND_WAVE,,26.32161228034725,4340.440584623935,,,,,,,,,,,,-1.0,-1.0,45.0,195.0
219,4.0,Mali,MLI,344.0,19658031.0,16679.85,2020-04-15,0.0,1.0,2021-02-20,2020-03-26,EPI_SECOND_WAVE,25822.434999999998,0.26706642186086693,0.0,-21.0,-27.0,247.0,-21.0,,,,-21.0,-21.0,239.0,-1.0,,,,
220,4.0,Mali,MLI,188.0,19658031.0,6116.584999999999,2021-03-02,0.0,2.0,2021-07-01,2021-02-20,EPI_SECOND_WAVE,25822.434999999998,0.26706642186086693,0.0,-21.0,-27.0,247.0,-21.0,,,,-21.0,-21.0,239.0,-1.0,,,,
221,2.0,Malta,MLT,420.0,502653.0,27257.95,2020-08-22,985302.0,1.0,2021-07-01,2020-03-07,EPI_FIRST_WAVE,30932.14,8.35566484234651,19607.621957891428,-157.0,-162.0,201.0,-163.0,-147.0,,-147.0,-141.0,-154.0,-150.0,-210.0,-179.0,-167.0,-148.0,-99.0
222,3.0,Myanmar,MMR,3206.0,54045420.0,30455.49,2020-09-09,2548503.5652173916,1.0,2021-04-20,2020-03-24,EPI_SECOND_WAVE,40280.130000000005,0.6192939198178125,503.2367220016053,-161.0,-169.0,-152.0,-180.0,-145.0,-155.0,-148.0,-161.0,17.0,51.0,51.0,-139.0,-84.0,46.0,
223,3.0,Myanmar,MMR,0.0,54045420.0,9221.32,2021-05-19,0.0,2.0,2021-09-19,2021-04-20,EPI_SECOND_WAVE,40280.130000000005,0.6192939198178125,503.2367220016053,-161.0,-169.0,-152.0,-180.0,-145.0,-155.0,-148.0,-161.0,17.0,51.0,51.0,-139.0,-84.0,46.0,
224,2.0,Montenegro,MNE,1610.0,622137.0,,2020-06-29,0.0,1.0,2021-07-01,2020-03-17,EPI_FIRST_WAVE,,25.87854443635405,0.0,,,,,,,,,,,,,,,
225,5.0,Mozambique,MOZ,139.0,30366036.0,16178.150000000001,2020-07-19,245042.0,1.0,2020-12-11,2020-03-23,EPI_THIRD_WAVE,31157.684999999998,0.2891388260225997,195.71685286811885,-32.0,-118.0,,-118.0,,,180.0,-32.0,-51.0,274.0,-119.0,-74.0,-17.0,182.0,
226,5.0,Mozambique,MOZ,698.0,30366036.0,9905.635000000002,2020-12-22,306043.5,2.0,2021-05-30,2020-12-11,EPI_THIRD_WAVE,31157.684999999998,0.2891388260225997,195.71685286811885,-32.0,-118.0,,-118.0,,,180.0,-32.0,-51.0,274.0,-119.0,-74.0,-17.0,182.0,
227,5.0,Mozambique,MOZ,0.0,30366036.0,4672.629999999998,2021-06-20,0.0,3.0,2021-09-19,2021-05-30,EPI_THIRD_WAVE,31157.684999999998,0.2891388260225997,195.71685286811885,-32.0,-118.0,,-118.0,,,180.0,-32.0,-51.0,274.0,-119.0,-74.0,-17.0,182.0,
228,4.0,Mauritania,MRT,163.0,4525696.0,11834.954999999998,2020-05-28,76184.5,1.0,2020-11-02,2020-03-14,EPI_SECOND_WAVE,24778.71,1.0804967898860198,439.1667049664847,-66.0,-73.0,,-70.0,-70.0,,-70.0,-60.0,-66.0,292.0,-76.0,-46.0,-5.0,39.0,
229,4.0,Mauritania,MRT,326.0,4525696.0,9828.544999999998,2020-12-08,123246.0,2.0,2021-07-01,2020-11-02,EPI_SECOND_WAVE,24778.71,1.0804967898860198,439.1667049664847,-66.0,-73.0,,-70.0,-70.0,,-70.0,-60.0,-66.0,292.0,-76.0,-46.0,-5.0,39.0,
230,4.0,Martinique,MTQ,43.0,,,2020-04-19,0.0,1.0,2021-01-10,2020-03-07,EPI_SECOND_WAVE,,,,,,,,,,,,,,,,,,
231,4.0,Martinique,MTQ,55.0,,,2021-04-03,0.0,2.0,2021-07-01,2021-01-10,EPI_SECOND_WAVE,,,,,,,,,,,,,,,,,,
232,5.0,Malawi,MWI,186.0,18628747.0,14527.565000000002,2020-06-21,81393.74193548388,1.0,2020-12-12,2020-04-03,EPI_THIRD_WAVE,27774.315,0.6420184889515114,222.69613731938063,-64.0,-90.0,,-93.0,48.0,,261.0,,-93.0,311.0,-79.0,-35.0,17.0,249.0,
233,5.0,Malawi,MWI,967.0,18628747.0,7544.97,2021-01-05,231486.45161290318,2.0,2021-05-20,2020-12-12,EPI_THIRD_WAVE,27774.315,0.6420184889515114,222.69613731938063,-64.0,-90.0,,-93.0,48.0,,261.0,,-93.0,311.0,-79.0,-35.0,17.0,249.0,
234,5.0,Malawi,MWI,0.0,18628747.0,4686.370000000002,2021-06-17,0.0,3.0,2021-09-19,2021-05-20,EPI_THIRD_WAVE,27774.315,0.6420184889515114,222.69613731938063,-64.0,-90.0,,-93.0,48.0,,261.0,,-93.0,311.0,-79.0,-35.0,17.0,249.0,
235,5.0,Malaysia,MYS,121.0,31949777.0,8676.3,2020-03-22,983779.0,1.0,2020-07-07,2020-01-25,EPI_THIRD_WAVE,34368.020000000004,1.618164658864442,5576.947845363678,-4.0,-8.0,-4.0,-4.0,226.0,443.0,206.0,-4.0,62.0,17.0,-58.0,-25.0,-2.0,35.0,257.0
236,5.0,Malaysia,MYS,1187.0,31949777.0,18218.244999999995,2020-09-24,9781291.0,2.0,2021-04-09,2020-07-07,EPI_THIRD_WAVE,34368.020000000004,1.618164658864442,5576.947845363678,-4.0,-8.0,-4.0,-4.0,226.0,443.0,206.0,-4.0,62.0,17.0,-58.0,-25.0,-2.0,35.0,257.0
237,5.0,Malaysia,MYS,0.0,31949777.0,7367.930000000003,2021-04-11,0.0,3.0,2021-09-19,2021-04-09,EPI_THIRD_WAVE,34368.020000000004,1.618164658864442,5576.947845363678,-4.0,-8.0,-4.0,-4.0,226.0,443.0,206.0,-4.0,62.0,17.0,-58.0,-25.0,-2.0,35.0,257.0
238,4.0,Mayotte,MYT,51.0,,,2020-05-08,0.0,1.0,2020-12-08,2020-03-14,EPI_SECOND_WAVE,,,,,,,,,,,,,,,,,,
239,4.0,Mayotte,MYT,125.0,,,2021-01-24,0.0,2.0,2021-07-01,2020-12-08,EPI_SECOND_WAVE,,,,,,,,,,,,,,,,,,
240,2.0,Niger,NER,193.0,23310715.0,14126.654999999999,2020-04-07,0.0,1.0,2021-07-01,2020-03-19,EPI_FIRST_WAVE,15755.53,0.08279454319612246,0.0,-10.0,-18.0,,-25.0,,,,-10.0,-19.0,189.0,,,,,
241,4.0,Nigeria,NGA,1147.0,200963599.0,16399.640000000003,2020-04-12,661575.5,1.0,2020-11-03,2020-02-28,EPI_SECOND_WAVE,32919.865000000005,0.1054917413177896,156.45579675352053,-14.0,-17.0,-14.0,-23.0,-15.0,-14.0,-14.0,-14.0,-20.0,499.0,-44.0,24.0,95.0,401.0,
242,4.0,Nigeria,NGA,975.0,200963599.0,12377.585000000003,2020-11-10,2485888.5,2.0,2021-07-01,2020-11-03,EPI_SECOND_WAVE,32919.865000000005,0.1054917413177896,156.45579675352053,-14.0,-17.0,-14.0,-23.0,-15.0,-14.0,-14.0,-14.0,-20.0,499.0,-44.0,24.0,95.0,401.0,
243,4.0,Nicaragua,NIC,83.0,6545502.0,2048.5900000000006,2020-05-21,0.0,1.0,2020-07-05,2020-03-19,EPI_SECOND_WAVE,6479.51,0.2918034399806157,0.0,,46.0,,,,,,,,432.0,,,,,
244,4.0,Nicaragua,NIC,108.0,6545502.0,4092.46,2020-07-15,0.0,2.0,2021-07-01,2020-07-05,EPI_SECOND_WAVE,6479.51,0.2918034399806157,0.0,,46.0,,,,,,,,432.0,,,,,
245,4.0,Netherlands,NLD,6112.0,17332850.0,8243.935000000001,2020-03-15,0.0,1.0,2020-07-11,2020-02-28,EPI_SECOND_WAVE,34167.865000000005,10.237208537545758,0.0,1.0,1.0,0.0,-5.0,156.0,,8.0,,,517.0,-17.0,,,,
246,4.0,Netherlands,NLD,11633.0,17332850.0,22891.365,2020-07-15,0.0,2.0,2021-07-01,2020-07-11,EPI_SECOND_WAVE,34167.865000000005,10.237208537545758,0.0,1.0,1.0,0.0,-5.0,156.0,,8.0,,,517.0,-17.0,,,,
247,4.0,Norway,NOR,253.0,5347896.0,7692.494999999999,2020-03-27,347131.5,1.0,2020-07-17,2020-02-21,EPI_SECOND_WAVE,30688.915,1.4809562489622088,11523.695486972822,-11.0,-15.0,302.0,-3.0,-3.0,,,-11.0,-12.0,512.0,67.0,5.0,6.0,26.0,142.0
248,4.0,Norway,NOR,539.0,5347896.0,19353.93,2020-08-23,5819766.0,2.0,2021-07-01,2020-07-17,EPI_SECOND_WAVE,30688.915,1.4809562489622088,11523.695486972822,-11.0,-15.0,302.0,-3.0,-3.0,,,-11.0,-12.0,512.0,67.0,5.0,6.0,26.0,142.0
249,6.0,Nepal,NPL,45.0,28608710.0,12600.005000000001,2020-06-04,328467.5,1.0,2020-07-22,2020-01-23,EPI_THIRD_WAVE,39322.155000000006,3.1965789439649672,1168.289132924903,-74.0,-77.0,-74.0,-78.0,-74.0,-72.0,-73.0,-74.0,-73.0,222.0,-132.0,-56.0,-17.0,39.0,351.0
250,6.0,Nepal,NPL,2971.0,28608710.0,15188.33,2020-07-30,1888899.0,2.0,2021-03-14,2020-07-22,EPI_THIRD_WAVE,39322.155000000006,3.1965789439649672,1168.289132924903,-74.0,-77.0,-74.0,-78.0,-74.0,-72.0,-73.0,-74.0,-73.0,222.0,-132.0,-56.0,-17.0,39.0,351.0
251,6.0,Nepal,NPL,6131.0,28608710.0,6914.815000000001,2021-03-26,1131771.0,3.0,2021-07-01,2021-03-14,EPI_THIRD_WAVE,39322.155000000006,3.1965789439649672,1168.289132924903,-74.0,-77.0,-74.0,-78.0,-74.0,-72.0,-73.0,-74.0,-73.0,222.0,-132.0,-56.0,-17.0,39.0,351.0
252,2.0,New Zealand,NZL,26.0,4917000.0,16941.34,2020-04-17,2240434.0,1.0,2021-07-01,2020-02-28,EPI_FIRST_WAVE,21322.91,0.052877770998576365,4556.505999593248,-25.0,-24.0,-23.0,-32.0,-25.0,-22.0,-25.0,-25.0,-28.0,250.0,-49.0,-39.0,-28.0,-10.0,115.0
253,5.0,Oman,OMN,650.0,4974986.0,15059.775000000003,2020-04-25,207658.0,1.0,2020-08-30,2020-02-24,EPI_THIRD_WAVE,38062.755000000005,6.231173313854551,417.40418968013176,-38.0,-41.0,91.0,-39.0,-39.0,-37.0,-15.0,-38.0,-38.0,159.0,-39.0,,,,
254,5.0,Oman,OMN,852.0,4974986.0,7316.345,2020-08-31,0.0,2.0,2021-01-06,2020-08-30,EPI_THIRD_WAVE,38062.755000000005,6.231173313854551,417.40418968013176,-38.0,-41.0,91.0,-39.0,-39.0,-37.0,-15.0,-38.0,-38.0,159.0,-39.0,,,,
255,5.0,Oman,OMN,0.0,4974986.0,15146.435,2021-01-18,0.0,3.0,2021-09-19,2021-01-06,EPI_THIRD_WAVE,38062.755000000005,6.231173313854551,417.40418968013176,-38.0,-41.0,91.0,-39.0,-39.0,-37.0,-15.0,-38.0,-38.0,159.0,-39.0,,,,
256,6.0,Pakistan,PAK,6365.0,216565318.0,13377.814999999999,2020-03-29,2866114.0,1.0,2020-09-10,2020-02-26,EPI_THIRD_WAVE,35959.649999999994,1.0288350972245703,670.5447406865027,-6.0,-31.0,-6.0,-16.0,-16.0,-6.0,-6.0,-5.0,-8.0,346.0,33.0,4.0,37.0,135.0,
257,6.0,Pakistan,PAK,6168.0,216565318.0,9249.875,2020-09-13,5826976.0,2.0,2021-02-20,2020-09-10,EPI_THIRD_WAVE,35959.649999999994,1.0288350972245703,670.5447406865027,-6.0,-31.0,-6.0,-16.0,-16.0,-6.0,-6.0,-5.0,-8.0,346.0,33.0,4.0,37.0,135.0,
258,6.0,Pakistan,PAK,9793.0,216565318.0,7982.135,2021-02-21,5895996.5,3.0,2021-07-01,2021-02-20,EPI_THIRD_WAVE,35959.649999999994,1.0288350972245703,670.5447406865027,-6.0,-31.0,-6.0,-16.0,-16.0,-6.0,-6.0,-5.0,-8.0,346.0,33.0,4.0,37.0,135.0,
259,5.0,Panama,PAN,2340.0,4246439.0,16869.705,2020-03-29,475973.0,1.0,2020-09-29,2020-03-10,EPI_THIRD_WAVE,41203.08,15.391719979964389,7047.1069995353755,-6.0,-17.0,-9.0,-16.0,205.0,5.0,-4.0,-6.0,20.0,261.0,153.0,-16.0,-4.0,44.0,174.0
260,5.0,Panama,PAN,3912.0,4246439.0,15045.539999999999,2020-10-01,1939881.0,2.0,2021-05-03,2020-09-29,EPI_THIRD_WAVE,41203.08,15.391719979964389,7047.1069995353755,-6.0,-17.0,-9.0,-16.0,205.0,5.0,-4.0,-6.0,20.0,261.0,153.0,-16.0,-4.0,44.0,174.0
261,5.0,Panama,PAN,0.0,4246439.0,8878.269999999997,2021-05-06,0.0,3.0,2021-09-19,2021-05-03,EPI_THIRD_WAVE,41203.08,15.391719979964389,7047.1069995353755,-6.0,-17.0,-9.0,-16.0,205.0,5.0,-4.0,-6.0,20.0,261.0,153.0,-16.0,-4.0,44.0,174.0
262,4.0,Peru,PER,94436.0,32510453.0,24891.840000000004,2020-03-20,1898133.0,1.0,2021-01-08,2020-03-07,EPI_SECOND_WAVE,43581.38500000001,59.15974163755885,1387.813175042501,-5.0,-8.0,-4.0,-8.0,-5.0,42.0,-5.0,-5.0,-4.0,242.0,81.0,-4.0,21.0,104.0,375.0
263,4.0,Peru,PER,98076.0,32510453.0,13556.660000000005,2021-01-09,2633268.0,2.0,2021-07-01,2021-01-08,EPI_SECOND_WAVE,43581.38500000001,59.15974163755885,1387.813175042501,-5.0,-8.0,-4.0,-8.0,-5.0,42.0,-5.0,-5.0,-4.0,242.0,81.0,-4.0,21.0,104.0,375.0
264,3.0,Philippines,PHL,9367.0,108116615.0,24635.705,2020-03-15,6638784.0,1.0,2021-01-09,2020-01-31,EPI_SECOND_WAVE,41986.57,2.2810555065935056,1321.8261596517798,0.0,-5.0,3.0,0.0,3.0,0.0,0.0,0.0,7.0,110.0,-39.0,20.0,48.0,126.0,403.0
265,3.0,Philippines,PHL,0.0,108116615.0,17263.375,2021-01-10,0.0,2.0,2021-09-19,2021-01-09,EPI_SECOND_WAVE,41986.57,2.2810555065935056,1321.8261596517798,0.0,-5.0,3.0,0.0,3.0,0.0,0.0,0.0,7.0,110.0,-39.0,20.0,48.0,126.0,403.0
266,2.0,Papua New Guinea,PNG,174.0,8776109.0,25209.61,2021-02-12,0.0,1.0,2021-07-01,2020-03-20,EPI_FIRST_WAVE,29790.43,0.19826554114129621,0.0,-325.0,-326.0,-189.0,-325.0,-302.0,-325.0,-310.0,-325.0,-328.0,,-378.0,,,,
267,4.0,Poland,POL,39360.0,37970874.0,20029.455,2020-03-25,8405489.0,1.0,2021-02-09,2020-03-04,EPI_SECOND_WAVE,33106.855,19.76356930841255,4437.511235585464,6.0,-13.0,367.0,-15.0,6.0,,6.0,6.0,-10.0,,,35.0,35.0,43.0,207.0
268,4.0,Poland,POL,35912.0,37970874.0,9593.940000000002,2021-02-10,8487086.0,2.0,2021-07-01,2021-02-09,EPI_SECOND_WAVE,33106.855,19.76356930841255,4437.511235585464,6.0,-13.0,367.0,-15.0,6.0,,6.0,6.0,-10.0,,,35.0,35.0,43.0,207.0
269,6.0,Puerto Rico,PRI,200.0,3193694.0,9828.554999999998,2020-04-02,0.0,1.0,2020-07-05,2020-03-14,EPI_THIRD_WAVE,35094.03999999999,7.981353254256669,0.0,-18.0,-17.0,-18.0,-20.0,-18.0,-18.0,-18.0,-21.0,,322.0,5.0,,,,
270,6.0,Puerto Rico,PRI,1894.0,3193694.0,17495.225000000006,2020-07-12,0.0,2.0,2021-03-04,2020-07-05,EPI_THIRD_WAVE,35094.03999999999,7.981353254256669,0.0,-18.0,-17.0,-18.0,-20.0,-18.0,-18.0,-18.0,-21.0,,322.0,5.0,,,,
271,6.0,Puerto Rico,PRI,509.0,3193694.0,6339.320000000001,2021-03-07,0.0,3.0,2021-07-01,2021-03-04,EPI_THIRD_WAVE,35094.03999999999,7.981353254256669,0.0,-18.0,-17.0,-18.0,-20.0,-18.0,-18.0,-18.0,-21.0,,322.0,5.0,,,,
272,5.0,Portugal,PRT,1756.0,10269417.0,11203.324999999997,2020-03-22,1778345.0,1.0,2020-08-10,2020-03-02,EPI_THIRD_WAVE,38134.33,16.64748836277658,12999.40103707932,-3.0,-6.0,-3.0,-3.0,-3.0,,-3.0,18.0,,19.0,-56.0,-11.0,-4.0,12.0,86.0
273,5.0,Portugal,PRT,15249.0,10269417.0,18990.199999999997,2020-08-14,9412036.0,2.0,2021-05-15,2020-08-10,EPI_THIRD_WAVE,38134.33,16.64748836277658,12999.40103707932,-3.0,-6.0,-3.0,-3.0,-3.0,,-3.0,18.0,,19.0,-56.0,-11.0,-4.0,12.0,86.0
274,5.0,Portugal,PRT,0.0,10269417.0,7535.289999999999,2021-05-18,0.0,3.0,2021-09-19,2021-05-15,EPI_THIRD_WAVE,38134.33,16.64748836277658,12999.40103707932,-3.0,-6.0,-3.0,-3.0,-3.0,,-3.0,18.0,,19.0,-56.0,-11.0,-4.0,12.0,86.0
275,4.0,Palestina,PSE,2032.0,4685306.0,26199.23,2020-07-01,790630.0,1.0,2021-02-03,2020-03-05,EPI_SECOND_WAVE,40788.354999999996,8.17662709756844,3317.538918482592,-117.0,-117.0,-101.0,-118.0,-101.0,-101.0,-101.0,-118.0,-118.0,,,,,,
276,4.0,Palestina,PSE,1808.0,4685306.0,6713.869999999999,2021-02-04,767849.5,2.0,2021-07-01,2021-02-03,EPI_SECOND_WAVE,40788.354999999996,8.17662709756844,3317.538918482592,-117.0,-117.0,-101.0,-118.0,-101.0,-101.0,-101.0,-118.0,-118.0,,,,,,
277,2.0,French Polynesia,PYF,142.0,279287.0,,2020-10-08,0.0,1.0,2021-07-01,2020-03-10,EPI_FIRST_WAVE,,5.084375570649547,0.0,,,,,,,,,,,,,,,
278,4.0,Qatar,QAT,244.0,2832067.0,21508.835,2020-04-23,1215903.0,1.0,2020-12-26,2020-02-29,EPI_SECOND_WAVE,37779.435000000005,2.08328404659918,7645.189891340848,-37.0,-44.0,348.0,-32.0,-32.0,-39.0,348.0,-37.0,-36.0,20.0,-46.0,-39.0,-39.0,-20.0,51.0
279,4.0,Qatar,QAT,347.0,2832067.0,12444.150000000001,2021-02-12,952773.0,2.0,2021-07-01,2020-12-26,EPI_SECOND_WAVE,37779.435000000005,2.08328404659918,7645.189891340848,-37.0,-44.0,348.0,-32.0,-32.0,-39.0,348.0,-37.0,-36.0,20.0,-46.0,-39.0,-39.0,-20.0,51.0
280,5.0,Reunion,REU,45.0,,,2020-09-13,0.0,1.0,2020-12-14,2020-03-13,EPI_THIRD_WAVE,,,,,,,,,,,,,,,,,,
281,5.0,Reunion,REU,109.0,,,2021-02-25,0.0,2.0,2021-05-11,2020-12-14,EPI_THIRD_WAVE,,,,,,,,,,,,,,,,,,
282,5.0,Reunion,REU,0.0,,,2021-05-12,0.0,3.0,2021-09-19,2021-05-11,EPI_THIRD_WAVE,,,,,,,,,,,,,,,,,,
283,6.0,Kosovo,RKS,628.0,,15425.295000000002,2020-04-15,0.0,1.0,2020-10-09,2020-03-13,EPI_THIRD_WAVE,33184.845,,,-33.0,-34.0,357.0,-35.0,-23.0,-33.0,-23.0,-33.0,-33.0,215.0,236.0,,,,
284,6.0,Kosovo,RKS,713.0,,5794.749999999999,2020-10-13,0.0,2.0,2021-01-05,2020-10-09,EPI_THIRD_WAVE,33184.845,,,-33.0,-34.0,357.0,-35.0,-23.0,-33.0,-23.0,-33.0,-33.0,215.0,236.0,,,,
285,6.0,Kosovo,RKS,914.0,,10078.689999999999,2021-01-08,0.0,3.0,2021-07-01,2021-01-05,EPI_THIRD_WAVE,33184.845,,,-33.0,-34.0,357.0,-35.0,-23.0,-33.0,-23.0,-33.0,-33.0,215.0,236.0,,,,
286,2.0,Romania,ROU,34262.0,19356544.0,29378.525,2020-03-25,8586098.5,1.0,2021-07-01,2020-02-26,EPI_FIRST_WAVE,30931.285000000003,17.70047380358808,4435.760071632622,-6.0,-14.0,,-17.0,-3.0,6.0,0.0,5.0,-4.0,433.0,215.0,-12.0,3.0,39.0,165.0
287,2.0,Russia,RUS,135886.0,144373535.0,26347.425000000003,2020-03-31,149287763.0,1.0,2021-07-01,2020-01-31,EPI_FIRST_WAVE,29650.534999999996,9.412112822478164,10340.382882499898,-14.0,-10.0,-1.0,-21.0,-1.0,,-26.0,-26.0,-1.0,6.0,-26.0,-26.0,-11.0,14.0,73.0
288,5.0,Rwanda,RWA,32.0,12626950.0,16454.49,2020-08-19,519903.75,1.0,2020-10-14,2020-03-15,EPI_THIRD_WAVE,37181.135,0.33816559026526594,1321.0620933796365,-151.0,-156.0,-151.0,-164.0,152.0,-151.0,-151.0,-151.0,-151.0,-151.0,-164.0,-133.0,-127.0,-55.0,245.0
289,5.0,Rwanda,RWA,328.0,12626950.0,15407.359999999993,2020-11-14,998458.25,2.0,2021-06-09,2020-10-14,EPI_THIRD_WAVE,37181.135,0.33816559026526594,1321.0620933796365,-151.0,-156.0,-151.0,-164.0,152.0,-151.0,-151.0,-151.0,-151.0,-151.0,-164.0,-133.0,-127.0,-55.0,245.0
290,5.0,Rwanda,RWA,0.0,12626950.0,4479.660000000001,2021-06-14,0.0,3.0,2021-09-19,2021-06-09,EPI_THIRD_WAVE,37181.135,0.33816559026526594,1321.0620933796365,-151.0,-156.0,-151.0,-164.0,152.0,-151.0,-151.0,-151.0,-151.0,-151.0,-164.0,-133.0,-127.0,-55.0,245.0
291,3.0,Saudi Arabia,SAU,6291.0,34268528.0,20653.295,2020-03-31,11455431.0,1.0,2021-01-11,2020-03-02,EPI_SECOND_WAVE,34012.0,2.2816853995012565,6422.4270152485105,-15.0,-22.0,,-18.0,26.0,-10.0,-8.0,-23.0,-16.0,57.0,-59.0,-24.0,-14.0,28.0,122.0
292,3.0,Saudi Arabia,SAU,0.0,34268528.0,12997.630000000001,2021-01-14,0.0,2.0,2021-09-19,2021-01-11,EPI_SECOND_WAVE,34012.0,2.2816853995012565,6422.4270152485105,-15.0,-22.0,,-18.0,26.0,-10.0,-8.0,-23.0,-16.0,57.0,-59.0,-24.0,-14.0,28.0,122.0
293,4.0,Sudan,SDN,836.0,42813238.0,16046.44,2020-04-19,0.0,1.0,2020-10-17,2020-03-14,EPI_SECOND_WAVE,26532.659999999996,0.6446604202186249,0.0,-27.0,-36.0,-1.0,-36.0,340.0,-24.0,-1.0,-6.0,-34.0,401.0,,,,,
294,4.0,Sudan,SDN,1924.0,42813238.0,9052.295,2020-11-05,0.0,2.0,2021-07-01,2020-10-17,EPI_SECOND_WAVE,26532.659999999996,0.6446604202186249,0.0,-27.0,-36.0,-1.0,-36.0,340.0,-24.0,-1.0,-6.0,-34.0,401.0,,,,,
295,4.0,Senegal,SEN,326.0,16296364.0,12631.07,2020-05-05,221857.25,1.0,2020-11-08,2020-03-02,EPI_SECOND_WAVE,22178.895,0.7154970274350769,353.6144627108231,-43.0,-50.0,,-52.0,-43.0,,-41.0,-43.0,-46.0,73.0,-60.0,-32.0,1.0,128.0,
296,4.0,Senegal,SEN,840.0,16296364.0,8073.945,2020-12-05,355199.0,2.0,2021-07-01,2020-11-08,EPI_SECOND_WAVE,22178.895,0.7154970274350769,353.6144627108231,-43.0,-50.0,,-52.0,-43.0,,-41.0,-43.0,-46.0,73.0,-60.0,-32.0,1.0,128.0,
297,2.0,Singapore,SGP,36.0,5703569.0,26721.254999999997,2020-04-15,0.0,1.0,2021-07-01,2020-01-24,EPI_FIRST_WAVE,30685.59,0.06311837377613912,0.0,-7.0,-7.0,-8.0,-33.0,243.0,,-7.0,-7.0,,251.0,-86.0,,,,
298,3.0,Sierra Leone,SLE,79.0,7813215.0,16747.770000000004,2020-05-06,0.0,1.0,2021-03-26,2020-04-01,EPI_SECOND_WAVE,25265.025,0.1279882865120184,0.0,-31.0,-36.0,-31.0,-45.0,-31.0,,-31.0,-31.0,-39.0,310.0,-36.0,,,,
299,3.0,Sierra Leone,SLE,0.0,7813215.0,8020.93,2021-06-27,0.0,2.0,2021-09-19,2021-03-26,EPI_SECOND_WAVE,25265.025,0.1279882865120184,0.0,-31.0,-36.0,-31.0,-45.0,-31.0,,-31.0,-31.0,-39.0,310.0,-36.0,,,,
300,5.0,El Salvador,SLV,808.0,6453553.0,16709.574999999997,2020-05-02,364865.0,1.0,2020-09-20,2020-03-19,EPI_THIRD_WAVE,31614.045,3.689440529891054,1393.533918447714,-45.0,-52.0,-42.0,-42.0,-11.0,5.0,-42.0,-45.0,-51.0,-8.0,,-24.0,-13.0,20.0,254.0
301,5.0,El Salvador,SLV,1221.0,6453553.0,9519.065000000002,2020-09-24,499537.0,2.0,2021-04-05,2020-09-20,EPI_THIRD_WAVE,31614.045,3.689440529891054,1393.533918447714,-45.0,-52.0,-42.0,-42.0,-11.0,5.0,-42.0,-45.0,-51.0,-8.0,,-24.0,-13.0,20.0,254.0
302,5.0,El Salvador,SLV,0.0,6453553.0,4097.1849999999995,2021-04-08,0.0,3.0,2021-09-19,2021-04-05,EPI_THIRD_WAVE,31614.045,3.689440529891054,1393.533918447714,-45.0,-52.0,-42.0,-42.0,-11.0,5.0,-42.0,-45.0,-51.0,-8.0,,-24.0,-13.0,20.0,254.0
303,4.0,Somalia,SOM,130.0,15442905.0,12376.035,2020-04-22,0.0,1.0,2021-01-14,2020-03-16,EPI_SECOND_WAVE,18534.545,0.5018485835404672,0.0,-11.0,-32.0,,-34.0,156.0,,142.0,130.0,-35.0,398.0,,,,,
304,4.0,Somalia,SOM,645.0,15442905.0,4903.325,2021-02-12,0.0,2.0,2021-07-01,2021-01-14,EPI_SECOND_WAVE,18534.545,0.5018485835404672,0.0,-11.0,-32.0,,-34.0,156.0,,142.0,130.0,-35.0,398.0,,,,,
305,8.0,Serbia,SRB,247.0,6944975.0,7058.795000000002,2020-03-29,269135.3333333334,1.0,2020-06-06,2020-03-06,EPI_FOURTH_WAVE,30145.235,10.146904776475077,6356.354054550232,-13.0,-13.0,-8.0,-14.0,-14.0,-8.0,-14.0,-11.0,-13.0,54.0,-23.0,-7.0,7.0,30.0,128.0
306,8.0,Serbia,SRB,503.0,6944975.0,5607.0650000000005,2020-06-18,874317.0,2.0,2020-10-01,2020-06-06,EPI_FOURTH_WAVE,30145.235,10.146904776475077,6356.354054550232,-13.0,-13.0,-8.0,-14.0,-14.0,-8.0,-14.0,-11.0,-13.0,54.0,-23.0,-7.0,7.0,30.0,128.0
307,8.0,Serbia,SRB,3234.0,6944975.0,6902.085000000001,2020-10-09,1475341.0,3.0,2021-01-30,2020-10-01,EPI_FOURTH_WAVE,30145.235,10.146904776475077,6356.354054550232,-13.0,-13.0,-8.0,-14.0,-14.0,-8.0,-14.0,-11.0,-13.0,54.0,-23.0,-7.0,7.0,30.0,128.0
308,4.0,South Sudan,SSD,49.0,11062113.0,11337.825,2020-05-29,0.0,1.0,2020-08-23,2020-04-06,EPI_SECOND_WAVE,31781.64,0.1057664118961721,145.86363382836535,-65.0,-70.0,-62.0,-74.0,250.0,0.0,-41.0,-47.0,-66.0,,-22.0,97.0,97.0,276.0,
309,4.0,South Sudan,SSD,74.0,11062113.0,17536.77,2020-10-29,161356.0,2.0,2021-07-01,2020-08-23,EPI_SECOND_WAVE,31781.64,0.1057664118961721,145.86363382836535,-65.0,-70.0,-62.0,-74.0,250.0,0.0,-41.0,-47.0,-66.0,,-22.0,97.0,97.0,276.0,
310,5.0,Suriname,SUR,117.0,581372.0,20110.639999999996,2020-06-26,0.0,1.0,2020-12-10,2020-03-15,EPI_THIRD_WAVE,40809.69500000001,8.875556442346724,0.0,-90.0,-102.0,-22.0,-105.0,-90.0,-81.0,-90.0,-102.0,-104.0,324.0,,,,,
311,5.0,Suriname,SUR,60.0,581372.0,7239.665000000001,2021-01-09,0.0,2.0,2021-03-29,2020-12-10,EPI_THIRD_WAVE,40809.69500000001,8.875556442346724,0.0,-90.0,-102.0,-22.0,-105.0,-90.0,-81.0,-90.0,-102.0,-104.0,324.0,,,,,
312,5.0,Suriname,SUR,0.0,581372.0,13398.285000000003,2021-04-18,0.0,3.0,2021-09-19,2021-03-29,EPI_THIRD_WAVE,40809.69500000001,8.875556442346724,0.0,-90.0,-102.0,-22.0,-105.0,-90.0,-81.0,-90.0,-102.0,-104.0,324.0,,,,,
313,4.0,Slovakia,SVK,28.0,5454073.0,6693.594999999998,2020-04-20,194733.0,1.0,2020-06-11,2020-03-06,EPI_SECOND_WAVE,31226.95,22.938820217477836,73624.25658769143,-37.0,-35.0,185.0,-41.0,-12.0,,-12.0,-12.0,-38.0,137.0,-110.0,-42.0,-25.0,2.0,173.0
314,4.0,Slovakia,SVK,12483.0,5454073.0,21547.695,2020-09-14,39961736.0,2.0,2021-07-01,2020-06-11,EPI_SECOND_WAVE,31226.95,22.938820217477836,73624.25658769143,-37.0,-35.0,185.0,-41.0,-12.0,,-12.0,-12.0,-38.0,137.0,-110.0,-42.0,-25.0,2.0,173.0
315,2.0,Slovenia,SVN,4753.0,2087946.0,28345.589999999997,2020-03-28,1348806.0,1.0,2021-07-01,2020-03-04,EPI_FIRST_WAVE,30697.704999999998,22.763998685789765,6461.896045204234,-9.0,-12.0,-8.0,-9.0,-9.0,-12.0,323.0,2.0,,315.0,-24.0,-27.0,-17.0,1.0,179.0
316,4.0,Sweden,SWE,5839.0,10285453.0,10573.91,2020-03-20,568638.0,1.0,2020-09-06,2020-01-31,EPI_SECOND_WAVE,32343.21,14.248278612521977,10144.20366317361,15.0,,,-8.0,249.0,,,,,,-49.0,,,,
317,4.0,Sweden,SWE,8816.0,10285453.0,18865.445,2020-09-13,9883162.0,2.0,2021-07-01,2020-09-06,EPI_SECOND_WAVE,32343.21,14.248278612521977,10144.20366317361,15.0,,,-8.0,249.0,,,,,,-49.0,,,,
318,4.0,Swaziland,SWZ,119.0,1148130.0,17352.345,2020-06-29,0.0,1.0,2020-11-03,2020-03-14,EPI_SECOND_WAVE,36732.350000000006,5.9052546314441745,0.0,-94.0,-104.0,,-104.0,192.0,-94.0,-94.0,-94.0,-94.0,365.0,-108.0,,,,
319,4.0,Swaziland,SWZ,563.0,1148130.0,14252.280000000002,2020-12-13,0.0,2.0,2021-07-01,2020-11-03,EPI_SECOND_WAVE,36732.350000000006,5.9052546314441745,0.0,-94.0,-104.0,,-104.0,192.0,-94.0,-94.0,-94.0,-94.0,365.0,-108.0,,,,
320,4.0,Syria,SYR,1004.0,17070135.0,20120.589999999997,2020-07-04,0.0,1.0,2021-02-24,2020-03-23,EPI_SECOND_WAVE,29375.309999999998,1.098995409233729,0.0,-110.0,-112.0,-103.0,-110.0,,-103.0,-101.0,-101.0,,,,,,,
321,4.0,Syria,SYR,875.0,17070135.0,6004.089999999998,2021-02-26,0.0,2.0,2021-07-01,2021-02-24,EPI_SECOND_WAVE,29375.309999999998,1.098995409233729,0.0,-110.0,-112.0,-103.0,-110.0,,-103.0,-101.0,-101.0,,,,,,,
322,2.0,Togo,TGO,129.0,8082366.0,25731.775,2020-05-09,363458.5,1.0,2021-07-01,2020-03-07,EPI_FIRST_WAVE,29229.545,0.15960672901969547,449.7000012125162,-50.0,-50.0,,-54.0,,,-37.0,-49.0,-50.0,451.0,17.0,-36.0,-4.0,132.0,
323,3.0,Thailand,THA,205.0,69625582.0,20408.7,2020-03-31,2956676.0,1.0,2021-03-11,2020-01-13,EPI_SECOND_WAVE,31108.715,0.29874077031054475,1230.3736290491618,-5.0,-13.0,3.0,-21.0,329.0,,291.0,-5.0,-6.0,518.0,14.0,-33.0,3.0,104.0,430.0
324,3.0,Thailand,THA,0.0,69625582.0,10700.015000000001,2021-04-03,0.0,2.0,2021-09-19,2021-03-11,EPI_SECOND_WAVE,31108.715,0.29874077031054475,1230.3736290491618,-5.0,-13.0,3.0,-21.0,329.0,,291.0,-5.0,-6.0,518.0,14.0,-33.0,3.0,104.0,430.0
325,2.0,Tajikistan,TJK,91.0,9321018.0,17495.490000000005,2020-05-08,0.0,1.0,2021-07-01,2020-05-01,EPI_FIRST_WAVE,21368.345,0.09762882122961247,0.0,26.0,,,-20.0,,26.0,1.0,38.0,-28.0,,,,,,
326,2.0,Timor-Leste,TLS,24.0,1293119.0,22872.320000000003,2021-05-16,0.0,1.0,2021-07-01,2020-03-20,EPI_FIRST_WAVE,27952.11,0.18559776787751167,0.0,-414.0,-419.0,-64.0,-414.0,-414.0,-414.0,-180.0,-89.0,-398.0,-269.0,-439.0,,,,
327,3.0,Trinidad and Tobago,TTO,140.0,1394973.0,25881.92,2020-08-16,102014.0,1.0,2021-03-11,2020-03-13,EPI_SECOND_WAVE,39869.174999999996,5.971441741166316,1740.599997275933,-146.0,-155.0,-139.0,-148.0,-138.0,288.0,-139.0,-111.0,-146.0,,-156.0,-102.0,-102.0,3.0,264.0
328,3.0,Trinidad and Tobago,TTO,0.0,1394973.0,13465.949999999999,2021-04-17,0.0,2.0,2021-09-19,2021-03-11,EPI_SECOND_WAVE,39869.174999999996,5.971441741166316,1740.599997275933,-146.0,-155.0,-139.0,-148.0,-138.0,288.0,-139.0,-111.0,-146.0,,-156.0,-102.0,-102.0,3.0,264.0
329,3.0,Tunisia,TUN,8610.0,11694719.0,22247.64,2020-04-01,0.0,1.0,2021-03-24,2020-03-02,EPI_SECOND_WAVE,34027.47499999999,12.791243637405909,501.9770034662654,-12.0,-20.0,-10.0,-19.0,-12.0,299.0,-12.0,-12.0,-16.0,477.0,36.0,366.0,366.0,366.0,375.0
330,3.0,Tunisia,TUN,0.0,11694719.0,11779.835,2021-03-25,0.0,2.0,2021-09-19,2021-03-24,EPI_SECOND_WAVE,34027.47499999999,12.791243637405909,501.9770034662654,-12.0,-20.0,-10.0,-19.0,-12.0,299.0,-12.0,-12.0,-16.0,477.0,36.0,366.0,366.0,366.0,375.0
331,6.0,Turkey,TUR,5630.0,83429615.0,9322.06,2020-03-22,4625093.0,1.0,2020-07-28,2020-03-11,EPI_THIRD_WAVE,35751.785,5.96095283431429,7281.189659091679,-1.0,-6.0,400.0,-6.0,174.0,299.0,-1.0,6.0,5.0,,28.0,6.0,11.0,35.0,174.0
332,6.0,Turkey,TUR,20252.0,83429615.0,11768.769999999999,2020-07-29,25013451.0,2.0,2021-01-31,2020-07-28,EPI_THIRD_WAVE,35751.785,5.96095283431429,7281.189659091679,-1.0,-6.0,400.0,-6.0,174.0,299.0,-1.0,6.0,5.0,,28.0,6.0,11.0,35.0,174.0
333,6.0,Turkey,TUR,23996.0,83429615.0,10949.930000000002,2021-02-01,31291971.0,3.0,2021-07-01,2021-01-31,EPI_THIRD_WAVE,35751.785,5.96095283431429,7281.189659091679,-1.0,-6.0,400.0,-6.0,174.0,299.0,-1.0,6.0,5.0,,28.0,6.0,11.0,35.0,174.0
334,3.0,Uganda,UGA,334.0,44269594.0,25074.61,2020-08-14,839574.5,1.0,2021-03-17,2020-03-21,EPI_SECOND_WAVE,37407.05,0.231084116109129,290.3365230772164,-142.0,-147.0,-142.0,-149.0,-137.0,-142.0,-137.0,-137.0,-53.0,253.0,-4.0,-125.0,-106.0,34.0,
335,3.0,Uganda,UGA,0.0,44269594.0,11379.510000000002,2021-05-07,0.0,2.0,2021-09-19,2021-03-17,EPI_SECOND_WAVE,37407.05,0.231084116109129,290.3365230772164,-142.0,-147.0,-142.0,-149.0,-137.0,-142.0,-137.0,-137.0,-53.0,253.0,-4.0,-125.0,-106.0,34.0,
336,4.0,Ukraine,UKR,24174.0,44385155.0,21912.22,2020-03-30,7004541.5,1.0,2021-02-12,2020-03-03,EPI_SECOND_WAVE,34245.985,11.803721311776426,2560.367086698244,-14.0,-18.0,355.0,-18.0,-13.0,-12.0,,-18.0,-14.0,171.0,38.0,11.0,18.0,72.0,243.0
337,4.0,Ukraine,UKR,28333.0,44385155.0,8393.65,2021-02-13,4385522.5,2.0,2021-07-01,2021-02-12,EPI_SECOND_WAVE,34245.985,11.803721311776426,2560.367086698244,-14.0,-18.0,355.0,-18.0,-13.0,-12.0,,-18.0,-14.0,171.0,38.0,11.0,18.0,72.0,243.0
338,4.0,United States,USA,109076.0,328239523.0,6534.24,2020-03-05,22452063.0,1.0,2020-06-06,2020-01-20,EPI_SECOND_WAVE,31692.839999999997,18.261420639463942,14344.494096769693,14.0,14.0,,14.0,22.0,37.0,,,,223.0,139.0,8.0,16.0,37.0,111.0
339,4.0,United States,USA,491236.0,328239523.0,22711.22,2020-06-07,448855197.0,2.0,2021-07-01,2020-06-06,EPI_SECOND_WAVE,31692.839999999997,18.261420639463942,14344.494096769693,14.0,14.0,,14.0,22.0,37.0,,,,223.0,139.0,8.0,16.0,37.0,111.0
340,3.0,Uzbekistan,UZB,622.0,33580650.0,20116.005,2020-05-04,0.0,1.0,2021-02-27,2020-03-16,EPI_SECOND_WAVE,30585.04,0.22036500186863567,0.0,-49.0,-49.0,-44.0,-49.0,-6.0,-49.0,-38.0,-41.0,-49.0,413.0,-50.0,,,,
341,3.0,Uzbekistan,UZB,0.0,33580650.0,9744.490000000002,2021-04-06,0.0,2.0,2021-09-19,2021-02-27,EPI_SECOND_WAVE,30585.04,0.22036500186863567,0.0,-49.0,-49.0,-44.0,-49.0,-6.0,-49.0,-38.0,-41.0,-49.0,413.0,-50.0,,,,
342,3.0,Venezuela,VEN,1042.0,28515829.0,25203.48,2020-04-22,0.0,1.0,2021-01-07,2020-03-14,EPI_SECOND_WAVE,44560.979999999996,1.0874661928993894,0.0,-37.0,-37.0,-37.0,-41.0,21.0,61.0,-40.0,-40.0,-35.0,16.0,,,,,
343,3.0,Venezuela,VEN,0.0,28515829.0,19101.965,2021-01-09,0.0,2.0,2021-09-19,2021-01-07,EPI_SECOND_WAVE,44560.979999999996,1.0874661928993894,0.0,-37.0,-37.0,-37.0,-41.0,21.0,61.0,-40.0,-40.0,-35.0,16.0,,,,,
344,2.0,Yemen,YEM,1361.0,29161922.0,15152.24,2020-05-12,0.0,1.0,2021-07-01,2020-04-10,EPI_FIRST_WAVE,16778.120000000003,0.4667044922484876,0.0,,-58.0,,-56.0,,,-11.0,-12.0,-55.0,,,,,,
345,5.0,South Africa,ZAF,17103.0,58558270.0,15813.85,2020-04-06,4346107.25,1.0,2020-10-08,2020-03-05,EPI_THIRD_WAVE,33190.665,10.356692573055863,2260.5514131479636,-11.0,-19.0,-11.0,-21.0,134.0,,-11.0,-11.0,-11.0,25.0,-30.0,-17.0,1.0,49.0,251.0
346,5.0,South Africa,ZAF,36219.0,58558270.0,9266.645,2020-10-09,5933860.5,2.0,2021-04-12,2020-10-08,EPI_THIRD_WAVE,33190.665,10.356692573055863,2260.5514131479636,-11.0,-19.0,-11.0,-21.0,134.0,,-11.0,-11.0,-11.0,25.0,-30.0,-17.0,1.0,49.0,251.0
347,5.0,South Africa,ZAF,0.0,58558270.0,7986.465000000001,2021-04-13,0.0,3.0,2021-09-19,2021-04-12,EPI_THIRD_WAVE,33190.665,10.356692573055863,2260.5514131479636,-11.0,-19.0,-11.0,-21.0,134.0,,-11.0,-11.0,-11.0,25.0,-30.0,-17.0,1.0,49.0,251.0
348,5.0,Zambia,ZMB,357.0,17861030.0,12524.229999999998,2020-06-09,422507.0,1.0,2020-12-04,2020-03-18,EPI_THIRD_WAVE,25223.01,1.231171998479371,1051.8659898113378,-55.0,-81.0,-38.0,-55.0,-55.0,374.0,-55.0,-56.0,-74.0,160.0,-75.0,-55.0,-22.0,122.0,378.0
349,5.0,Zambia,ZMB,906.0,17861030.0,6874.52,2020-12-14,1076782.0,2.0,2021-05-19,2020-12-04,EPI_THIRD_WAVE,25223.01,1.231171998479371,1051.8659898113378,-55.0,-81.0,-38.0,-55.0,-55.0,374.0,-55.0,-56.0,-74.0,160.0,-75.0,-55.0,-22.0,122.0,378.0
350,5.0,Zambia,ZMB,0.0,17861030.0,5382.505000000001,2021-05-27,0.0,3.0,2021-09-19,2021-05-19,EPI_THIRD_WAVE,25223.01,1.231171998479371,1051.8659898113378,-55.0,-81.0,-38.0,-55.0,-55.0,374.0,-55.0,-56.0,-74.0,160.0,-75.0,-55.0,-22.0,122.0,378.0
351,7.0,Zimbabwe,ZWE,230.0,14645468.0,15608.830000000002,2020-07-10,115426.0,1.0,2020-10-04,2020-03-20,EPI_FOURTH_WAVE,39117.92999999999,1.2215382943037396,441.878675369063,-105.0,-108.0,-102.0,-115.0,179.0,192.0,-102.0,-102.0,-109.0,221.0,,-64.0,-50.0,120.0,
352,7.0,Zimbabwe,ZWE,1303.0,14645468.0,13285.665,2020-10-27,329462.0,2.0,2021-04-08,2020-10-04,EPI_FOURTH_WAVE,39117.92999999999,1.2215382943037396,441.878675369063,-105.0,-108.0,-102.0,-115.0,179.0,192.0,-102.0,-102.0,-109.0,221.0,,-64.0,-50.0,120.0,
353,7.0,Zimbabwe,ZWE,54.0,14645468.0,2245.3799999999997,2021-04-13,85037.0,3.0,2021-05-21,2021-04-08,EPI_FOURTH_WAVE,39117.92999999999,1.2215382943037396,441.878675369063,-105.0,-108.0,-102.0,-115.0,179.0,192.0,-102.0,-102.0,-109.0,221.0,,-64.0,-50.0,120.0,
